post,under_post,org_nummer,verdi,periode,land,valuta,prefix
20003,00,642178235,48079256.26,202309,DK,SEK,24
13310,00,496831241,63679968.96,202312,GB,NOK,90
29000,00,173915690,37699990.94,202312,US,SEK,24
15300,00,891200927,62787627.06,202309,DK,SEK,10
81300,00,411129428,30077701.76,202106,DK,DKK,32
18400,00,973053447,19181365.09,202312,NO,DKK,56
22500,00,585918646,72841641.7,202106,DE,NOK,41
18100,00,236615821,40452216.99,202106,FI,NOK,23
13500,00,899037784,72904887.45,202309,DK,SEK,41
20590,00,340704946,40177411.69,202103,SE,SEK,80
29100,00,297388884,97143402.16,202103,US,GBP,38
20450,00,641791109,41354004.94,202103,DK,EUR,35
22800,99,622422850,4784062.86,202312,US,SEK,46
20420,00,411832785,2496478.49,202309,US,USD,33
23100,99,551899206,33644181.28,202103,DE,SEK,98
80051,00,981351570,51070415.06,202309,NO,NOK,35
20450,00,385523882,64651137.31,202309,DE,GBP,94
15000,00,221375347,93547058.86,202106,DK,NOK,40
29490,00,817634838,85754426.55,202312,SE,DKK,22
20004,00,389602202,5026899.79,202103,DE,GBP,82
24600,00,450920871,4546850.16,202312,FI,DKK,15
20300,00,685301496,99543617.87,202103,DK,EUR,63
23800,00,122609709,11980227.72,202103,FR,EUR,92
80300,00,161620335,49153723.95,202312,DK,GBP,56
15700,00,783841448,9632693.7,202312,GB,EUR,66
80900,99,777663919,99077137.6,202309,GB,NOK,60
18100,00,849798696,45101976.41,202103,DK,USD,23
28000,00,310554786,54453891.28,202106,DK,SEK,97
20200,00,420527831,98902304.28,202106,FI,DKK,35
22500,00,354534710,97832092.78,202106,NO,DKK,18
20800,00,654068620,36067406.82,202312,GB,NOK,74
22200,00,474652753,67439724.08,202106,SE,EUR,11
13120,00,197470675,15690800.16,202312,FR,NOK,31
81300,00,988784790,38243963.72,202309,FI,SEK,44
20100,00,431385319,73251236.23,202106,GB,EUR,75
80500,00,231780175,12116949.16,202309,DE,NOK,11
03200,00,588156910,50314363.13,202103,DE,USD,10
20004,00,829003825,34425182.71,202309,GB,EUR,73
15700,00,465461757,72552500.43,202103,FI,SEK,68
80052,00,891701950,15300144.55,202106,US,NOK,23
20550,00,795095265,62979262.05,202103,DK,DKK,44
20002,00,376581227,9422428.57,202312,GB,DKK,63
22600,00,504263739,76466709.99,202106,FR,EUR,19
80900,00,300393061,74284467.79,202309,DK,SEK,29
18000,00,965595380,97663440.97,202103,DE,SEK,54
22000,00,308378048,74746379.58,202106,DE,USD,25
15600,00,864094676,14152251.54,202312,GB,EUR,11
22100,00,385914685,83205817.28,202103,US,GBP,45
13500,00,663346679,67953847.31,202103,DK,DKK,15
20003,00,584822229,79271594.5,202106,FI,USD,94
20200,00,788417302,78470089.23,202103,DK,DKK,23
22200,00,202343055,14751979.96,202106,DE,SEK,91
80052,00,293344464,95793437.59,202312,SE,SEK,47
15010,00,955833825,1021532.71,202312,FR,NOK,11
74900,00,426248823,66659523.64,202312,FR,GBP,25
81300,00,377510136,21777295.78,202106,NO,DKK,24
20100,00,601292167,2806086.94,202106,DE,SEK,77
15650,00,350906423,28630241.44,202103,FR,NOK,90
29200,00,816706095,20971019.07,202106,NO,SEK,75
22100,00,982059645,37566966.12,202106,FR,NOK,42
81500,00,495473202,56173433.9,202312,GB,SEK,46
15000,00,721754270,93333819.21,202103,SE,EUR,86
80300,00,786785695,18527502.85,202312,US,EUR,47
18900,00,601771449,55453719.44,202106,FR,SEK,86
81701,00,974963420,90552824.96,202103,DE,NOK,55
20000,00,300999260,70607580.11,202106,SE,NOK,66
80052,00,807812072,92812641.55,202312,GB,USD,32
13200,00,732197097,41727254.79,202103,US,USD,67
74900,00,743302409,51225555.81,202106,US,SEK,34
13320,99,594427450,52935807.7,202312,GB,USD,41
15010,00,677138212,63976482.27,202309,FR,SEK,24
03200,00,885710177,63683067.24,202103,NO,NOK,24
23100,00,472107227,33084033.89,202103,DE,DKK,78
20003,00,995302431,71741996.22,202312,FI,DKK,40
13700,00,199868342,29837030.17,202312,US,SEK,68
17800,00,624221880,78023557.3,202103,FI,SEK,84
15600,00,443955876,89057388.84,202312,SE,EUR,95
29000,00,838981249,53351774.55,202106,SE,SEK,81
29700,00,690658290,38764596.23,202106,NO,SEK,32
15300,00,853413053,4923291.77,202312,DE,NOK,10
22900,00,354254481,34879746.31,202312,FI,NOK,59
15600,00,633126119,63715592.41,202103,DE,GBP,95
20420,00,547306630,25326429.33,202106,NO,EUR,42
80900,00,319714345,13853351.68,202312,NO,NOK,97
13310,00,399323753,21178543.34,202106,GB,USD,81
29000,00,724887575,80037386.53,202103,DK,GBP,66
20410,00,733283097,29149857.76,202103,DK,GBP,68
22200,00,952273216,66144509.52,202106,DE,SEK,92
13120,00,242771080,29072588.36,202106,SE,EUR,23
15010,00,741789263,65896814.42,202312,SE,DKK,49
17800,00,257600045,90896756.52,202312,US,USD,63
03200,00,255879206,57976795.18,202106,FI,GBP,40
20003,00,735694016,21830516.58,202309,FI,DKK,25
20004,00,387733723,68744669.81,202106,NO,GBP,17
20003,99,985157994,77679237.91,202312,GB,SEK,47
20410,00,750959076,81466804.12,202309,FR,EUR,50
23100,00,656012030,1641430.97,202106,GB,EUR,60
15650,00,584921453,64098441.1,202106,GB,EUR,15
03200,00,105343799,4719490.31,202106,FR,SEK,11
17800,00,809484765,93277583.59,202309,DK,DKK,76
13500,00,530625192,63598547.61,202309,DK,GBP,32
22800,00,365336182,88573938.63,202103,US,SEK,57
20590,00,377067524,15768566.29,202309,FR,DKK,50
20410,00,276011770,72905486.29,202103,US,NOK,88
80051,00,166398941,75202818.82,202312,GB,USD,18
18800,00,798337199,65442190.37,202309,SE,GBP,48
74900,00,179577529,47945391.39,202103,US,NOK,87
22600,00,961509448,61590128.85,202106,FR,EUR,70
20003,00,938237796,82073309.74,202103,DE,USD,46
20550,00,135332072,24996450.3,202309,FR,NOK,72
81500,00,191476655,10699628.36,202312,NO,EUR,27
81300,00,276747708,22322200.41,202103,FR,GBP,42
23800,00,368595120,83671897.25,202103,NO,EUR,40
20003,00,193697980,62416785.68,202103,GB,EUR,69
13310,00,473641878,15758771.21,202106,FR,USD,97
23100,99,526214094,24072190.75,202106,DK,NOK,28
22200,00,541030523,74309515.02,202312,NO,NOK,72
18100,00,856083367,17581303.97,202312,SE,NOK,27
81701,00,163224946,92931463.76,202312,DK,USD,25
13900,00,843896175,86977351.67,202103,US,NOK,43
15700,00,408558147,86280822.41,202106,NO,NOK,64
17800,00,318114017,23793833.81,202312,SE,USD,55
22600,00,805549371,40023121.28,202103,DE,GBP,98
03100,00,670127215,78154632.89,202309,SE,SEK,58
20420,00,205578589,33400331.23,202309,NO,GBP,14
20001,00,853590583,13926204.74,202312,US,GBP,13
18000,00,691535372,23049965.51,202312,US,NOK,46
15000,00,669332207,60750537.74,202103,FR,GBP,64
20200,00,913470972,81344219.8,202106,DK,DKK,68
29490,00,587310843,20683772.32,202103,SE,DKK,68
29700,00,543535340,35402888.76,202309,DE,EUR,86
19200,00,851056794,68992409.43,202309,DK,DKK,37
23800,00,313840158,68664599.54,202309,DE,SEK,68
22200,00,944364616,89542985.76,202106,SE,USD,37
20590,00,906752687,78463292.56,202106,GB,GBP,57
29000,99,248048791,64659889.8,202312,NO,DKK,23
81701,00,558630352,26576704.94,202312,FR,GBP,23
80052,00,179006014,86452089.37,202312,FI,GBP,38
22200,99,518422313,85302827.04,202309,DE,EUR,58
20590,00,675726504,16622647.55,202309,DE,EUR,15
24000,00,131239868,23714885.72,202103,FI,DKK,98
29700,00,304117410,93000093.89,202312,SE,USD,46
23800,00,152235025,74114114.16,202103,SE,NOK,79
13310,00,329694123,31854155.75,202106,DK,GBP,95
22000,00,567061897,23216818.85,202309,FI,SEK,87
80052,00,849989364,5672450.47,202103,DE,GBP,81
74900,00,747709932,64946217.51,202103,FI,EUR,84
13400,00,823403414,59891632.73,202106,DE,EUR,80
23200,00,857894493,67869171.87,202106,DK,NOK,87
29200,00,157241320,80920098.65,202106,GB,EUR,11
29500,00,912547178,79266368.61,202106,FI,DKK,78
22600,00,166686954,93780853.8,202106,US,DKK,65
13700,00,524216234,97348586.42,202312,US,DKK,83
20300,00,379356203,25241121.35,202312,FI,NOK,24
74900,00,150465818,40192688.75,202103,DE,USD,64
20100,00,953780501,19332626.7,202309,DK,EUR,77
22800,00,422374495,45571070.34,202309,FI,USD,55
13400,00,276449284,98182361.28,202106,FR,GBP,98
81701,00,876693562,47572917.18,202103,SE,EUR,48
20300,00,210193319,78519862.83,202309,FI,NOK,61
20420,00,952707689,30425339.27,202103,FI,EUR,42
13600,00,743380769,93929521.93,202309,FI,SEK,69
20002,00,547329498,44360261.61,202312,US,GBP,60
18300,00,101816013,64747248.34,202106,DK,SEK,97
03200,00,534226109,37195142.58,202312,FR,NOK,29
22900,00,556196603,88943079.37,202103,US,EUR,43
03100,00,312667533,31126102.49,202106,DE,NOK,85
13120,00,306378229,2347381.75,202103,FR,SEK,97
80300,00,893235472,6222668.56,202309,DK,USD,56
15010,00,141431570,86028859.5,202106,DE,DKK,18
74900,00,673951624,14220869.7,202309,US,DKK,90
15300,00,640046496,82345201.61,202103,NO,NOK,39
81500,00,380209414,62115082.64,202106,DK,GBP,53
20003,00,597413444,65084082.04,202312,SE,NOK,33
13400,00,334298504,98871573.03,202312,DE,USD,55
22000,00,797507332,24430650.24,202309,GB,USD,99
80051,00,523910857,28967600.0,202312,NO,GBP,69
23800,00,820069857,90562895.32,202309,FR,USD,65
80500,00,701787227,4936055.32,202106,FI,USD,58
13310,00,320397069,6152635.44,202312,GB,NOK,72
23100,99,792726047,16618719.47,202106,DK,DKK,85
13500,00,714736556,10182209.6,202309,DE,NOK,15
17800,00,154270158,92226053.34,202309,DK,DKK,72
23200,00,507058916,96929.45,202312,FI,DKK,84
15600,00,587842792,53947984.88,202309,NO,USD,89
23200,00,104846443,8458195.23,202312,SE,SEK,54
03200,00,737279624,8435758.44,202103,NO,EUR,72
29700,00,391781274,16393290.31,202103,DE,USD,63
13600,00,361630312,11164796.71,202106,FR,SEK,50
18300,00,230053647,32435013.46,202312,GB,NOK,28
74900,00,115017668,30149725.54,202103,GB,NOK,31
20100,00,261368049,3827429.43,202103,DK,SEK,61
20001,00,199591149,55261569.43,202106,FR,NOK,53
22800,00,503459907,36333331.33,202309,US,EUR,90
18100,00,959669376,79915620.25,202103,SE,GBP,41
80051,99,554081039,8303072.78,202103,NO,NOK,82
29100,99,894085138,11878855.55,202106,FR,EUR,31
20800,00,259860160,48649432.36,202309,NO,USD,95
29000,00,619784169,2520063.14,202312,FI,USD,21
28000,00,657626723,38123337.65,202103,FR,DKK,51
20004,00,898064832,68344717.9,202103,FR,USD,68
13500,00,746868172,35549867.52,202309,GB,USD,53
20550,00,296715805,95356871.81,202106,NO,USD,52
20002,00,816033991,8898834.24,202103,GB,NOK,69
22600,00,377408461,25142958.53,202312,SE,DKK,70
29000,00,854840730,62547803.57,202312,GB,NOK,63
81300,00,715378652,70602143.93,202103,DK,SEK,44
81701,00,380073663,17720183.41,202106,FI,USD,92
20410,00,528411536,97554893.44,202312,SE,EUR,40
29000,00,194084688,63750669.94,202312,FR,EUR,80
18000,00,518873806,16863287.55,202103,SE,EUR,34
20003,00,524944066,33074575.96,202312,NO,DKK,19
22500,00,731046430,33429444.86,202103,NO,SEK,12
20300,00,894556527,53165863.83,202103,GB,EUR,72
20550,00,457104355,93058356.77,202103,NO,SEK,27
15000,00,297157349,5541957.31,202309,FR,GBP,53
13200,00,394147113,56739328.31,202106,SE,EUR,67
13400,00,382162761,17477684.86,202309,SE,SEK,18
81300,00,394043492,3125898.52,202103,DK,USD,80
22100,00,300869899,7892541.26,202309,SE,DKK,91
22800,99,407816628,38145801.91,202309,FI,NOK,39
80051,00,669455045,30281565.91,202312,NO,DKK,74
80052,00,803038286,33913933.88,202309,SE,USD,14
23100,00,984634801,17927914.17,202312,GB,DKK,72
13800,00,193549102,38370876.89,202312,GB,GBP,49
20410,00,294021096,84177624.8,202106,NO,EUR,93
22100,00,331185149,82255150.48,202309,GB,GBP,42
20100,00,154933130,42608188.89,202103,FI,EUR,66
29000,00,649838136,31173914.01,202309,DK,EUR,81
81701,00,395415620,43365951.23,202106,NO,USD,32
18000,00,209289795,20594817.87,202103,DK,DKK,18
20000,00,234373307,3531976.61,202106,GB,DKK,24
13120,00,435701574,67622599.49,202106,FI,GBP,22
18300,00,988346813,73132961.8,202309,FI,DKK,93
80300,00,957226992,25541974.43,202106,SE,SEK,14
13130,00,324022495,4399198.68,202103,US,GBP,20
29700,00,430067286,5148497.91,202103,SE,SEK,32
13700,00,732936085,53237368.98,202312,DK,USD,48
13320,00,241871687,83020532.54,202106,FI,DKK,71
20004,00,612236988,4659206.72,202103,FR,SEK,51
17800,00,341668263,14655069.68,202103,DK,GBP,67
20410,00,893441779,74604137.19,202106,US,NOK,99
20004,00,215660379,78570280.31,202106,SE,USD,11
81300,00,778565344,31097031.48,202106,NO,DKK,69
13600,00,378787141,13653591.42,202312,FR,SEK,96
29500,00,337007859,73743527.74,202309,SE,GBP,26
22900,00,534009936,26066154.61,202106,NO,EUR,83
18900,00,723651298,39574589.06,202312,NO,DKK,62
18100,00,861309901,55840879.91,202106,GB,USD,56
24000,00,427937969,24323419.97,202106,DK,SEK,31
19200,00,920069859,14435640.73,202103,GB,GBP,78
18100,00,440016725,20689214.71,202106,FR,NOK,59
28000,00,294859458,2679774.31,202106,US,EUR,15
13500,00,613215053,46575123.82,202103,GB,EUR,90
29100,00,772149844,32028759.67,202312,GB,SEK,18
28000,99,829898294,60966859.9,202106,US,DKK,39
24000,00,940372726,26908833.33,202106,US,GBP,22
20003,00,869813119,47548622.76,202309,DE,EUR,40
81300,00,258141734,33712182.84,202103,FI,GBP,99
15600,00,395466079,96102971.35,202312,DK,GBP,63
23100,00,440168709,49064774.36,202309,US,GBP,95
18400,00,597538987,80483042.98,202106,GB,NOK,78
23100,00,270129701,44725466.55,202309,US,EUR,32
20450,00,213337834,76109610.55,202312,FR,NOK,18
13600,00,447633475,63522867.11,202312,NO,NOK,33
15600,00,509120565,21893416.02,202103,NO,GBP,25
22500,00,277360843,57894911.12,202309,DE,NOK,38
29490,00,508961866,70906112.91,202103,FI,GBP,34
20000,00,658599316,41227313.8,202312,GB,USD,38
23300,00,770978294,28942851.26,202103,SE,NOK,21
13120,00,120567815,17338107.29,202309,SE,GBP,26
80052,00,924918553,76780127.8,202312,FI,USD,77
80051,00,206664852,75009855.21,202103,FI,NOK,57
22500,00,169066479,82225830.66,202312,GB,GBP,74
20100,00,104407365,73771980.29,202103,DE,USD,62
15600,00,943400635,10073368.97,202309,NO,EUR,66
18100,00,320241461,3477480.58,202312,NO,GBP,95
13500,00,790108724,7293714.13,202312,US,DKK,60
13500,99,313841174,36885158.12,202103,FI,DKK,99
13120,00,909784476,62580081.27,202312,US,SEK,89
22900,00,618081562,11725779.35,202106,US,NOK,83
20410,00,981196392,78664992.03,202103,GB,SEK,50
24000,00,902630885,24328101.9,202312,NO,SEK,26
81500,00,641332763,72968012.13,202312,SE,NOK,42
29490,00,225645258,1584254.07,202106,NO,USD,27
29700,00,282456984,59361573.03,202103,SE,GBP,48
22800,00,189751613,38213532.64,202103,DK,EUR,90
20000,00,310250327,35662502.97,202309,SE,NOK,95
29000,00,598770198,68222365.08,202312,SE,EUR,83
80052,99,582375843,43088401.9,202312,US,USD,64
15600,00,391407613,347201.17,202312,SE,USD,57
29700,00,185073568,99573162.63,202309,DK,USD,81
22800,00,427747203,85609513.74,202312,DK,GBP,11
80051,99,967898165,45499649.94,202103,DK,EUR,26
13700,00,773088633,29110318.02,202106,FR,NOK,97
80051,00,243851850,69619018.09,202106,US,GBP,95
18400,00,118353121,52091259.52,202103,NO,USD,54
80500,00,817757819,20965724.53,202312,FI,NOK,56
20800,00,103424940,83303048.4,202312,FI,EUR,91
18000,00,659887763,14726860.24,202103,GB,EUR,89
80500,00,377819588,36039036.56,202106,DE,EUR,77
24000,00,155611656,50910684.72,202309,NO,SEK,54
13700,00,374168537,73569543.51,202103,FI,DKK,49
20001,00,879434730,7030315.8,202106,DE,SEK,30
20003,00,397890250,95257091.81,202312,SE,SEK,55
20200,00,870630099,47808502.5,202103,GB,EUR,93
29700,00,119128249,53120561.17,202106,US,EUR,56
29500,00,644219171,62460919.76,202309,DK,GBP,87
29490,00,916142860,82375129.63,202312,NO,DKK,91
81500,00,710673475,16298045.7,202103,US,GBP,20
20800,00,618609352,85518448.02,202106,SE,USD,49
23200,00,307589840,21113008.59,202106,NO,SEK,23
22900,00,679041501,46901237.81,202309,DK,SEK,37
28000,00,859392769,37801131.65,202309,FI,SEK,75
20100,00,244930116,83240497.33,202312,FI,DKK,48
22800,00,694105505,17682867.97,202312,GB,NOK,17
13130,00,772857052,35766857.74,202106,FI,DKK,23
20410,00,459169444,63237500.13,202106,US,SEK,57
20100,00,798277778,20381712.78,202312,FR,SEK,78
81300,00,114313894,13007599.24,202312,FI,GBP,25
18000,00,589697220,55315325.31,202106,SE,DKK,49
23200,00,237137688,8136321.9,202312,NO,GBP,36
03200,00,453413505,73444341.38,202312,SE,GBP,41
29500,00,818527841,42920046.24,202103,DK,GBP,40
18100,00,554526357,88361690.88,202312,DK,SEK,64
15300,00,876928043,23365647.58,202103,NO,DKK,75
20450,00,560162601,13781993.72,202106,US,SEK,26
20800,00,519084189,32933593.82,202103,NO,GBP,61
20550,00,338853044,36450957.34,202312,FI,GBP,54
24000,00,193872742,42422572.71,202103,FR,USD,88
15700,00,197383101,47723741.02,202309,GB,GBP,64
20300,00,611069586,9051317.11,202106,DK,GBP,33
20300,00,375582279,98274619.45,202103,US,GBP,15
22600,99,953579415,38761715.24,202106,GB,SEK,53
28000,00,843070789,82941593.78,202103,FI,DKK,98
15700,00,813400180,558981.41,202106,DE,USD,86
15600,00,973760078,17791672.92,202309,GB,USD,22
29700,00,660459793,38526447.82,202309,NO,SEK,37
29900,00,172311337,59281730.09,202312,DE,GBP,33
13310,00,171627634,31681654.94,202312,SE,USD,45
19200,00,927306508,28225341.76,202106,DE,DKK,18
20300,00,297242465,74109602.31,202309,SE,DKK,77
81701,00,869729543,33990339.62,202312,DK,NOK,53
22900,00,340771808,85096156.44,202309,US,EUR,62
15300,00,309954837,7239978.82,202106,DE,GBP,89
80500,00,430897570,24535413.33,202103,DK,NOK,26
22600,00,636543846,95579399.56,202103,DK,SEK,28
20300,00,976438542,26217995.58,202309,GB,SEK,94
13800,00,402236886,48461596.15,202309,DE,NOK,58
23200,00,464659663,14527379.6,202106,DE,DKK,49
15650,00,857122429,25600761.95,202103,US,SEK,70
18900,00,716268529,56374411.59,202309,GB,DKK,96
20004,00,145747583,52396523.78,202103,DK,USD,54
80900,00,951109546,27580218.59,202103,NO,EUR,10
13600,00,200531835,92104266.79,202106,GB,EUR,60
20450,00,981518423,85481988.36,202309,GB,SEK,17
29500,00,969794984,69696573.36,202103,FR,GBP,43
20800,00,299957373,32047134.81,202312,FR,NOK,93
15700,00,311088343,82932660.25,202309,SE,GBP,34
80051,99,168590908,92905386.54,202103,GB,USD,36
15300,00,490739608,78157942.56,202309,FI,SEK,94
23300,00,709957479,82740908.85,202103,FI,DKK,37
80300,00,319222596,43381992.77,202309,DK,DKK,35
80052,00,371948077,68854374.05,202309,DE,EUR,11
20100,00,395264940,73215938.12,202309,SE,SEK,20
20300,00,934115208,14899270.67,202106,FI,EUR,26
22500,00,683573213,1361660.19,202309,US,NOK,48
29900,00,250832836,46496188.3,202312,NO,GBP,33
15600,00,727251477,58432224.1,202309,DE,EUR,15
18100,00,847463834,69436524.07,202309,NO,USD,22
22900,00,592396369,8435934.04,202103,FR,GBP,14
80900,99,602923655,73396600.06,202103,DK,EUR,77
29900,00,871342444,83007903.33,202106,DK,DKK,57
23800,00,703819352,30670692.92,202312,DK,GBP,99
15300,00,673233430,28178728.18,202312,FI,SEK,14
13320,00,462461983,98445406.82,202103,GB,SEK,78
15000,00,633571113,93247288.2,202309,DE,SEK,16
22800,00,347269840,15237144.89,202106,FI,EUR,55
20300,00,154490108,78535135.93,202103,DK,EUR,51
13800,00,251973294,36680705.66,202309,DE,DKK,61
24000,00,164700450,8709102.69,202106,SE,DKK,38
03100,00,113288127,9336394.96,202106,SE,USD,93
13320,00,257061299,66398359.61,202106,US,USD,61
23300,00,550759630,97696075.76,202309,GB,SEK,74
22900,00,984475600,58847791.97,202309,DK,SEK,87
29200,99,272939428,70163202.1,202103,GB,USD,93
80052,00,348774362,19638496.54,202106,NO,USD,37
20590,00,379256897,41620645.18,202103,FR,GBP,39
20000,00,228460884,68721499.82,202312,SE,SEK,17
23200,00,317228090,9332975.04,202106,GB,NOK,98
22000,00,931698557,540402.66,202106,GB,EUR,81
23800,00,964963278,2662446.8,202106,US,NOK,59
20420,00,911011559,20425233.96,202103,US,EUR,52
81500,00,530500815,85719362.42,202103,DE,EUR,98
74900,00,569492558,1951711.15,202309,NO,NOK,19
15700,00,597855143,48599502.89,202309,US,GBP,65
13120,00,791165738,59958099.96,202106,FR,SEK,92
20550,00,505737135,20469352.84,202106,US,NOK,70
29500,00,912744224,5784186.98,202312,DK,SEK,67
80300,00,358585459,99686541.75,202103,GB,EUR,27
29200,00,492564555,24136143.0,202106,DK,SEK,40
18400,00,702587679,26772970.44,202106,DE,SEK,24
15010,00,556132645,34069718.85,202103,NO,EUR,39
20800,00,261882046,64751621.4,202103,SE,NOK,74
28000,00,972379531,29023064.5,202106,GB,EUR,98
24000,99,323358894,11808594.2,202312,DK,DKK,95
20550,00,508115042,93265983.71,202103,US,DKK,43
13130,00,468836930,13763561.45,202312,GB,GBP,92
13120,00,654101694,10987626.67,202312,DK,NOK,50
22900,00,278046053,77555899.69,202312,FR,USD,76
23800,00,309008560,25022012.63,202106,FI,USD,86
20550,00,157202984,64240730.69,202309,GB,DKK,50
23800,00,481749440,39395445.65,202309,US,USD,93
13500,00,217982583,53931175.9,202106,SE,DKK,47
20001,00,392523447,4095420.39,202312,FI,USD,46
18400,00,159856571,21709213.75,202309,DK,NOK,30
15650,00,186927163,53938008.26,202106,DE,SEK,26
15300,00,690066449,64841890.27,202312,FR,SEK,32
15000,00,328000101,93340273.87,202312,FI,EUR,53
13700,00,556655391,30977833.99,202103,GB,DKK,35
18100,00,684303123,49296274.16,202309,FI,GBP,91
22000,00,978151210,58385523.34,202309,FR,DKK,60
74900,00,656131398,54323644.71,202103,NO,NOK,46
13800,00,661430828,68777280.19,202309,DK,SEK,13
29200,00,232537967,38753170.15,202106,GB,EUR,33
15700,00,388605606,56312996.87,202312,SE,SEK,77
18900,00,985131033,32793890.4,202312,DK,USD,74
19200,00,911010912,99613490.88,202312,FR,DKK,81
15010,00,820892129,54422304.66,202309,DE,DKK,81
20410,00,943577411,17712320.17,202309,FR,DKK,65
74900,00,579965275,82848254.52,202309,FI,GBP,82
20550,00,218498595,40517635.43,202103,FR,GBP,54
22500,00,369687110,55600482.89,202103,NO,EUR,23
80051,00,356840536,33656448.47,202312,NO,EUR,38
20100,00,131616033,35711173.08,202309,FR,NOK,94
22000,00,857649147,7431526.83,202312,DE,EUR,19
29900,00,913176641,14357965.54,202103,DE,SEK,71
24000,00,607463883,9299733.74,202103,DK,USD,86
29700,00,897330374,59311638.26,202106,SE,GBP,55
29700,00,823244124,66105040.14,202103,SE,SEK,30
81701,00,402985581,11057392.79,202309,US,SEK,74
20200,00,645118223,61926791.86,202103,NO,DKK,92
15600,00,883192072,32704154.58,202312,NO,SEK,33
03200,00,164177788,20743849.44,202103,FR,DKK,90
81300,00,479959697,5025614.06,202309,NO,SEK,20
20800,00,714948641,75759137.73,202103,NO,NOK,33
29490,00,350876911,98321246.17,202103,GB,SEK,46
74900,00,563355906,94478363.52,202106,FR,EUR,13
13700,00,244577801,67462910.78,202106,FI,SEK,38
28000,00,890974180,81309140.71,202106,NO,USD,54
80500,00,373128277,42180056.4,202106,US,USD,39
20004,00,248908005,78855676.24,202312,GB,EUR,83
13200,00,452177411,55615202.01,202312,SE,NOK,58
20100,00,138439852,24017185.2,202106,GB,EUR,76
20450,00,977534672,62848593.55,202312,DE,SEK,75
20550,00,500745658,9276329.79,202106,NO,GBP,17
13130,00,662949958,23587581.48,202312,US,USD,23
24000,00,417359525,81332791.9,202312,DE,USD,64
15700,00,107188582,36902534.98,202309,DE,NOK,83
13800,00,657111227,39189648.91,202312,US,DKK,32
22000,00,973994405,29941739.16,202106,US,NOK,29
18100,00,429131198,43418433.6,202312,DE,USD,14
13130,00,535160546,79238303.42,202106,FR,EUR,16
80500,00,356496284,74150488.15,202103,DE,SEK,30
18900,00,817636451,50407360.92,202309,DK,NOK,75
23800,00,136452870,75884629.54,202309,FR,GBP,21
23200,00,998808093,98354277.87,202309,DK,DKK,33
28000,00,548382176,93457920.42,202103,DE,EUR,40
13400,00,516343378,74174969.38,202309,SE,SEK,63
18900,00,148863302,30784564.68,202309,GB,GBP,54
20800,00,253393628,61757310.12,202103,NO,USD,54
18400,00,718270009,73698988.31,202312,FR,NOK,47
13130,00,693562418,7143663.91,202312,NO,EUR,79
29200,00,461368548,52689593.93,202106,DK,SEK,43
24000,00,601779460,40778610.0,202103,FR,DKK,88
22100,00,497408262,76251019.43,202106,US,USD,40
13400,00,764481172,44865162.34,202106,FR,USD,84
03100,00,950464203,60369404.6,202103,DE,EUR,25
80051,00,976543677,81079421.95,202106,FI,GBP,12
13130,00,177046095,62021938.16,202103,FR,USD,74
15000,00,235019655,88005331.57,202106,FR,GBP,56
13120,00,577389321,25758951.85,202312,SE,EUR,87
20200,00,555581580,1746671.78,202103,FI,SEK,59
18800,00,761843312,34335835.3,202312,FR,NOK,84
15650,00,108619658,73305181.73,202103,DK,EUR,75
22600,00,768446198,18641117.99,202312,GB,GBP,43
29200,00,214905346,51062944.95,202106,NO,USD,85
18800,00,141273244,369204.99,202309,DK,NOK,75
24000,00,973710397,75291521.23,202106,SE,GBP,46
24000,00,607134207,92796824.46,202106,US,SEK,63
29000,00,690856446,57076543.15,202309,SE,USD,16
15300,99,665607680,59158934.54,202106,US,EUR,69
18800,00,888291162,94877195.51,202106,FI,SEK,89
13320,00,604459632,27996916.03,202312,DK,NOK,47
80900,00,332840632,94609008.01,202103,DE,DKK,64
20000,00,787910907,58644003.76,202103,FI,EUR,14
13130,00,987429539,5040898.67,202312,NO,SEK,26
29490,00,925922450,93387887.91,202312,NO,EUR,16
29200,00,661215978,79844429.87,202106,DK,USD,43
29490,00,844568998,65078194.72,202312,FR,USD,36
18900,00,988933249,3609614.14,202103,NO,USD,85
15000,00,845962431,61794606.02,202312,DE,GBP,44
18800,00,584496487,46256525.4,202312,NO,EUR,57
29000,00,584449619,1603511.01,202106,FR,EUR,25
13120,00,907979128,21408247.8,202106,GB,EUR,35
24600,00,487738534,37715051.26,202309,DK,NOK,39
13310,00,458640625,44171430.52,202312,US,NOK,82
13600,99,687257730,27394739.68,202309,GB,SEK,89
15000,00,479529857,17805358.67,202309,DE,USD,47
22100,00,521849084,77044256.98,202103,FI,SEK,95
23300,00,187312734,61331937.62,202103,GB,SEK,15
20420,00,520135291,28848097.94,202312,FR,USD,70
20410,00,170025447,66039197.17,202309,NO,DKK,74
18300,00,724038324,64352194.39,202103,DE,SEK,62
13900,00,332466313,99805471.72,202103,DE,EUR,35
23300,00,634025095,93452759.64,202106,DE,GBP,34
23200,00,964154190,43083415.73,202103,FI,DKK,19
20002,00,193374375,86634111.45,202309,FI,NOK,42
13700,00,810535812,44509783.31,202103,DE,SEK,40
81300,00,268757675,25995083.4,202309,FI,GBP,68
20001,00,967724830,92098462.58,202312,US,EUR,25
22500,00,111984002,42983272.01,202103,GB,EUR,50
29000,00,938027122,518484.59,202103,DE,USD,37
20004,00,753570746,66163724.59,202312,GB,NOK,41
19200,00,383121884,51883456.01,202103,US,NOK,77
20001,00,258209149,79967083.93,202103,DK,USD,47
15010,00,684996333,95751281.86,202106,DK,EUR,78
22000,00,240189922,49335453.7,202309,DE,DKK,94
29200,99,564349439,7834706.32,202309,NO,DKK,47
20420,00,499543914,89625011.91,202103,NO,NOK,58
22800,00,884133466,17541072.29,202103,NO,SEK,35
20001,00,755882019,7825020.47,202106,FR,USD,96
22100,00,878278256,13327858.82,202103,FI,DKK,86
15300,00,595045683,65899545.35,202106,DK,EUR,82
20410,00,838705243,33830339.72,202312,GB,EUR,13
13800,00,406549679,38844273.65,202309,DE,USD,24
20002,00,453092468,50783230.17,202312,FI,EUR,19
20001,00,537630855,421968.0,202309,US,SEK,68
18000,00,446634686,62081815.56,202103,FI,USD,85
81300,00,248202728,53962998.66,202106,US,SEK,86
13400,00,113427540,60978385.62,202106,DE,EUR,20
80051,00,725435623,13071296.61,202309,DE,NOK,87
18100,00,928905013,60924437.04,202312,GB,GBP,88
23300,00,266001774,9332322.5,202312,FR,EUR,45
22200,00,431687060,57973949.4,202103,GB,SEK,13
29700,00,303650585,71390261.09,202309,SE,DKK,34
81701,00,409540342,37352515.4,202106,DE,EUR,37
80051,00,512142840,37122219.22,202312,GB,SEK,44
20003,00,400042479,19830783.01,202309,NO,GBP,88
20000,00,273475072,20286905.42,202309,DE,DKK,73
81300,00,664561787,58020183.52,202309,FI,USD,52
03200,00,290536956,42390538.46,202103,GB,GBP,39
81500,00,350376769,27471424.82,202106,DK,GBP,88
74900,00,413774043,25077822.36,202312,FR,GBP,71
13900,00,843737494,56304929.6,202312,US,EUR,61
20590,00,982669852,24389883.82,202103,FI,EUR,28
18400,00,251051816,79601093.05,202309,DK,GBP,57
20003,00,492247473,43369908.68,202309,DK,SEK,64
13400,00,778769797,41660289.94,202103,DK,GBP,34
29100,00,539328480,32420191.29,202309,SE,NOK,72
18000,00,193537176,77656679.5,202103,FR,NOK,84
15010,00,530543958,18546366.6,202312,NO,NOK,56
20100,00,783119983,72688116.13,202312,DK,SEK,90
29490,00,975306123,21352327.97,202103,NO,NOK,14
23100,00,916315794,70269061.11,202312,GB,SEK,56
22500,00,463333216,5287377.64,202312,DK,NOK,63
18900,00,422517036,96329261.29,202103,US,EUR,99
29490,00,559565180,51996647.08,202312,FR,USD,55
20550,00,524750631,72867657.62,202309,DK,USD,27
13600,00,735323896,41170639.42,202106,FR,SEK,74
15300,00,945653939,87503791.51,202106,DK,DKK,53
13700,00,465864385,65776078.39,202312,GB,EUR,23
22800,00,719191878,70412731.66,202312,SE,DKK,65
81300,00,948744019,33796090.52,202106,GB,NOK,37
18300,00,271217462,54012111.37,202103,FR,DKK,57
20000,00,543299289,55654859.38,202103,GB,NOK,53
13700,00,553982792,60557489.39,202312,US,NOK,82
20100,00,727618273,99485100.82,202106,FR,EUR,72
29700,00,546705023,25734077.36,202103,DK,GBP,78
18300,00,871017235,24727340.81,202103,FR,EUR,69
13200,00,811264501,26775146.76,202312,SE,DKK,35
15600,00,494659510,70857383.99,202312,FR,SEK,52
15650,00,342599163,98014019.16,202106,US,DKK,16
80051,00,367052188,39470537.47,202106,GB,USD,47
81701,99,878992926,43853765.52,202309,NO,EUR,21
22600,00,681992981,30135272.85,202309,FR,USD,27
29200,00,625963806,27396373.12,202103,DK,DKK,68
80051,00,142815521,50395638.7,202309,FI,USD,90
81701,00,931635946,14357584.64,202312,DK,SEK,54
18000,99,678032482,16819862.9,202312,SE,SEK,19
13500,00,480598487,32514804.19,202106,SE,EUR,76
22800,00,162825152,51657113.16,202309,GB,NOK,15
22000,00,896113183,76370522.86,202309,DK,DKK,65
18300,00,152923492,60523756.28,202312,GB,DKK,80
29000,00,933741980,65625202.52,202106,DK,SEK,41
29200,00,687885461,44981890.24,202106,GB,EUR,73
81701,00,244489149,8585201.98,202312,FI,NOK,22
24000,00,755503470,71303492.64,202309,FI,DKK,85
22600,00,990434540,69837182.59,202103,SE,NOK,88
18300,00,538277087,12376693.44,202312,SE,SEK,40
24600,00,954120644,89019690.2,202106,FR,SEK,99
29000,00,451499000,11332994.58,202103,GB,USD,10
20410,00,653815610,12932465.55,202309,FR,GBP,55
29900,00,128707433,54496941.73,202106,GB,SEK,97
15300,00,198683985,80765698.23,202106,FI,NOK,90
18900,00,976167206,86141500.69,202103,FR,USD,28
13130,00,711041476,59752018.15,202309,FI,SEK,92
22000,00,204937519,34304786.18,202309,DK,SEK,32
24600,00,959602416,35761687.6,202103,DE,EUR,55
80900,00,875870111,1785892.16,202309,GB,DKK,44
22200,00,711806432,81320724.86,202309,GB,GBP,48
13500,00,527098469,11956535.86,202103,GB,NOK,92
23800,99,726916453,39650608.21,202309,NO,EUR,57
13600,00,182011852,24050366.01,202312,FI,DKK,96
23800,00,510244723,43738555.67,202312,NO,USD,91
29490,00,814902218,21031904.98,202309,SE,EUR,39
13500,00,853891553,77143094.17,202106,FR,DKK,60
29700,00,814070541,39928908.83,202312,SE,GBP,48
18800,00,330294876,7408697.62,202312,FI,DKK,86
80300,00,589437425,61719390.78,202312,GB,GBP,55
22600,00,284312537,58023283.93,202103,FR,USD,61
23200,00,559133108,43861280.07,202103,DK,NOK,18
13600,00,908274360,69307914.59,202309,NO,EUR,91
15300,00,337750604,9949186.29,202103,FR,SEK,36
13120,00,495006046,94488350.84,202106,GB,SEK,66
23100,99,159732587,37983808.97,202106,SE,GBP,68
18800,00,508592639,95182652.02,202312,US,NOK,25
15700,00,548910917,81907136.85,202312,FR,USD,27
81500,00,812281441,26519498.49,202309,FI,GBP,93
23200,00,865203732,26304609.95,202103,DE,USD,43
15010,00,926013114,57720053.1,202103,FI,GBP,32
23300,00,833105897,97936701.08,202309,GB,NOK,73
20450,00,986926603,40694713.49,202312,FR,DKK,51
20550,00,103461754,4232840.21,202309,DK,USD,46
20550,00,210228591,78288389.22,202103,DE,EUR,97
22500,00,338982555,90977517.54,202309,NO,GBP,48
18900,00,340863756,93072435.32,202312,SE,SEK,42
13120,00,702175939,69757908.3,202312,NO,USD,58
80051,00,697570654,56255985.25,202106,FR,EUR,79
23800,00,118061671,44059617.15,202312,FR,NOK,80
81300,00,985011880,3379846.08,202103,NO,USD,65
13600,00,844359024,21635522.99,202309,US,GBP,31
15000,00,522583704,41924795.22,202103,FI,DKK,21
13400,00,497852224,68358600.67,202312,DE,USD,77
20004,00,868375895,84077622.85,202106,FR,SEK,94
13700,00,458490739,42092647.96,202103,NO,NOK,79
80300,00,602331088,14403482.89,202106,NO,NOK,27
20550,00,578294612,69179679.94,202312,FR,DKK,33
13800,00,140539754,88397350.74,202312,FR,GBP,37
29200,00,543894013,55638920.36,202106,FR,GBP,81
15300,00,479103940,50038366.03,202106,GB,NOK,40
03100,00,414673670,60609076.74,202103,NO,GBP,97
22600,00,959420462,7540567.1,202106,DK,DKK,54
22600,00,264597243,96947644.8,202309,DE,EUR,31
13310,00,900602974,69730989.68,202106,DE,SEK,88
15600,00,429160291,26457233.48,202309,DK,GBP,89
15010,00,201137511,67603795.79,202312,DE,USD,11
20001,00,242689688,81108763.92,202312,SE,SEK,37
81701,00,127885792,64354220.84,202103,FR,EUR,83
20000,00,942843614,43387662.08,202309,DE,EUR,50
20800,00,443978588,84678902.5,202106,DK,GBP,72
28000,00,973187167,22952367.97,202312,FI,USD,36
29000,00,447386300,19806146.52,202106,GB,EUR,76
15010,99,980938085,42288041.4,202309,SE,USD,68
22600,00,873990425,49289446.25,202309,DE,DKK,18
24600,00,120986873,23591560.8,202312,DE,SEK,14
22100,00,179983079,81553023.77,202309,DK,NOK,12
13130,00,139242777,39995676.83,202106,US,EUR,22
20420,00,535724258,12735957.95,202312,FI,USD,36
80051,00,411883828,62006267.09,202312,DE,DKK,29
20450,00,950232721,61174608.62,202312,NO,DKK,18
13800,00,956542216,79242426.48,202106,US,SEK,89
23200,00,520065741,69298224.06,202309,GB,DKK,60
29900,00,171607194,27279765.83,202309,DE,DKK,53
22000,00,497135938,83048755.83,202106,DK,EUR,54
13320,00,823995350,79813813.09,202312,FI,SEK,32
29900,00,477637253,91235365.95,202103,NO,USD,57
22100,00,816023482,57079747.8,202106,GB,NOK,86
13900,00,923133354,44268521.09,202103,DK,EUR,49
03200,00,568183788,66906160.27,202312,SE,GBP,17
20200,00,473252896,51127363.12,202103,US,DKK,69
22900,00,182764960,23219380.38,202309,FR,NOK,94
15300,00,566324304,5017429.24,202106,GB,GBP,44
03200,00,788319341,58565222.53,202312,FI,NOK,87
13400,99,624997229,33790879.21,202106,DE,EUR,24
29900,00,950867771,77196937.62,202309,FI,DKK,54
18300,00,294822242,62035296.35,202106,DK,GBP,34
29500,00,870480956,10375497.03,202309,NO,EUR,74
15650,00,682506366,72065224.25,202106,DK,USD,45
23100,00,843701559,77763845.1,202106,FI,GBP,55
17800,00,510322628,11024098.81,202309,GB,EUR,42
23200,00,265883626,21331241.2,202106,GB,USD,48
13310,00,719481915,34546272.35,202106,FI,NOK,13
29490,00,697698036,54561923.25,202312,FR,SEK,10
80500,00,432832093,38301723.51,202106,FR,DKK,78
29700,00,222447110,18198964.83,202106,DE,SEK,47
23300,00,768492645,23103281.02,202309,GB,GBP,76
23800,00,594274983,75120408.24,202312,DE,USD,38
81500,00,645239837,81725884.76,202312,FR,GBP,57
13800,00,464451185,89818479.5,202103,GB,SEK,79
20004,00,814452175,44000933.3,202309,DK,NOK,42
20003,00,354402702,11559271.63,202309,FR,NOK,46
29700,99,207271530,98461320.36,202106,FR,USD,50
13900,00,271097688,56300542.18,202309,GB,SEK,67
22500,00,601416863,68569359.27,202106,SE,DKK,32
13320,00,162505821,79840939.38,202309,DK,GBP,60
22200,00,374158895,76057295.99,202106,DK,DKK,83
20002,00,912600183,77015700.05,202106,FI,GBP,61
20000,00,602946565,57952722.34,202312,NO,EUR,88
23100,00,646341121,67152389.81,202103,DE,EUR,93
13310,00,217876807,80798136.43,202312,DE,DKK,49
24000,00,179320684,64054265.37,202103,NO,USD,12
20420,00,657374229,27114533.05,202312,FI,NOK,42
15000,00,494282930,5118556.48,202103,FI,EUR,63
22600,00,843958962,17333502.86,202309,DK,GBP,90
23800,00,580965280,83219425.77,202103,DK,NOK,38
13800,00,118643453,48220219.04,202106,DE,NOK,32
13600,00,343091464,29784035.2,202106,DE,DKK,24
29100,99,819747678,8516966.46,202312,DE,NOK,60
20002,00,544965890,50837087.58,202312,NO,EUR,79
15700,00,206767318,81304200.35,202103,DK,DKK,44
13800,00,209683199,97270962.56,202103,FR,EUR,90
13600,00,936211520,41805893.64,202309,DE,SEK,83
22800,00,160868298,65931699.69,202106,GB,NOK,42
18300,00,993538154,76011481.97,202103,DE,SEK,82
20004,00,464545061,41420961.75,202106,FR,DKK,40
24000,00,493451737,84428007.02,202309,US,GBP,30
22100,00,969028818,10760232.6,202312,FR,USD,74
15650,00,725151007,34376260.47,202106,NO,EUR,34
29500,99,994387807,60781751.06,202106,DK,DKK,95
20420,00,323824827,27842076.96,202103,DK,EUR,22
18900,99,638671739,62614668.81,202103,DK,EUR,12
23800,00,769895751,90058275.23,202309,FR,DKK,37
13310,00,444752555,60539159.6,202309,US,USD,35
13600,99,231101339,80424293.15,202106,FR,EUR,81
13600,00,813355425,46150567.26,202312,DK,DKK,57
29490,00,480825693,52194481.59,202309,NO,SEK,73
18400,00,677304907,39670995.64,202309,GB,USD,98
20410,00,895805142,21015112.44,202103,US,EUR,30
03200,00,411833045,89292609.71,202106,US,EUR,47
23300,00,677384258,80210017.28,202309,SE,GBP,85
13310,00,693555574,87702142.24,202103,DK,DKK,34
22800,00,909630027,57824413.2,202312,NO,DKK,61
20004,00,623698812,67645951.87,202106,NO,GBP,22
18400,00,283076951,12049394.15,202106,DE,SEK,29
29000,00,566461324,16833348.34,202103,FI,USD,79
13400,99,134868362,19050099.78,202309,DE,NOK,63
18300,99,747088873,38249525.22,202309,DE,SEK,12
80900,00,669006609,5762201.12,202106,US,DKK,69
13130,00,942963206,74591575.71,202312,US,DKK,56
15650,00,572747669,78347968.8,202312,NO,EUR,18
29000,00,807867420,99117158.75,202106,SE,NOK,84
22800,00,666566862,35543061.0,202312,DE,DKK,96
20450,00,715459135,62673313.13,202309,DK,GBP,24
22200,00,738452917,99964557.52,202103,FI,SEK,89
23100,00,811721432,36477949.44,202309,DK,NOK,15
80051,00,252140952,86573141.06,202309,US,GBP,18
20420,00,645644842,26137748.94,202309,FI,DKK,18
19200,00,480519466,59795634.51,202106,FI,GBP,45
15300,00,420614336,31642982.95,202103,DE,NOK,72
81300,99,587621277,29506870.07,202106,SE,GBP,18
13400,00,749074438,54815524.3,202309,US,NOK,65
15600,00,530745355,91435216.58,202106,US,DKK,81
28000,00,700329992,15794501.18,202106,NO,SEK,90
22900,00,145758804,59539112.7,202106,SE,NOK,27
22000,00,586041021,959807.76,202309,SE,USD,25
20410,00,576455974,32698087.35,202312,DE,GBP,88
15600,00,740287222,78762092.48,202103,DK,USD,97
23200,00,810512757,21557481.88,202106,US,EUR,53
13120,00,431489490,79451556.57,202103,NO,USD,83
15300,00,149997608,64726727.75,202312,SE,EUR,85
03100,99,650861138,32558519.96,202312,FR,GBP,25
13700,00,229913282,14963442.77,202103,GB,USD,44
15650,99,344194815,45373727.3,202309,DE,NOK,56
18100,00,359250602,33294389.81,202309,DE,SEK,60
20001,00,351429002,87730743.54,202103,DK,NOK,52
20590,00,478767441,48512831.67,202312,DE,GBP,15
13120,00,732744762,53496392.36,202106,US,GBP,93
22600,00,127759197,19386918.05,202312,FR,NOK,13
20420,00,325962227,55189619.49,202103,FI,NOK,56
80500,00,743249644,6611226.27,202312,DE,USD,61
18000,00,714305475,90124571.99,202309,FI,EUR,74
15300,00,604939858,7496490.76,202309,GB,SEK,59
13120,00,484657187,61547315.05,202103,US,EUR,39
74900,00,682384460,98599939.28,202312,US,USD,94
81300,00,886567997,48800016.94,202312,US,NOK,79
13700,00,965373463,33232703.81,202106,DE,GBP,67
29700,00,185940817,55151816.76,202309,SE,EUR,48
13900,99,993362044,58792702.75,202103,FR,SEK,65
18300,00,279617292,1684238.63,202106,SE,GBP,85
29100,00,419237941,54328833.82,202103,DK,NOK,42
15650,00,849939295,95273475.95,202103,SE,DKK,99
22500,00,981311579,46087168.93,202106,US,SEK,91
29500,00,996682976,52779382.58,202312,DE,NOK,96
28000,99,195422817,88411791.26,202309,US,USD,40
13320,00,411427953,16096944.9,202312,SE,EUR,36
20410,00,718348196,92758158.27,202106,GB,DKK,51
23300,00,353107776,6282124.18,202309,US,DKK,61
24000,99,424108475,9848549.04,202106,US,GBP,23
24000,00,625809120,27973395.53,202106,US,EUR,29
20800,00,521050218,29666917.05,202106,FI,USD,55
20001,00,985804607,10369150.02,202312,DK,USD,97
20001,00,889679018,12613909.89,202106,SE,DKK,97
22800,00,588531614,1235440.28,202106,FR,GBP,13
20420,00,273478672,14820511.0,202312,DK,GBP,47
20420,00,229943258,24681296.05,202312,SE,NOK,33
22100,00,301911505,15043863.86,202103,SE,NOK,73
13700,00,419970406,97819972.84,202309,DK,SEK,63
13600,00,646960098,9194106.82,202103,NO,NOK,39
13200,00,217014580,5626645.69,202106,DE,GBP,63
22900,00,273924613,21245193.46,202106,GB,GBP,38
81701,00,748803714,10201867.59,202309,SE,GBP,35
17800,00,448369113,66485418.88,202309,FR,SEK,90
20100,00,318655012,19144334.7,202103,NO,NOK,52
23100,00,982239694,23005438.76,202309,GB,EUR,75
22500,00,844396862,3069569.64,202309,DK,EUR,58
24000,00,981431971,92510180.23,202103,FR,GBP,91
29500,00,440295310,94265154.36,202309,SE,GBP,60
20590,00,831287533,59762501.04,202312,DK,NOK,66
18000,00,990194623,87634318.98,202103,FI,GBP,29
22100,00,623284988,67474104.32,202312,GB,EUR,41
15700,00,839085977,14358813.61,202103,DK,GBP,71
29700,00,362781535,43767274.7,202103,US,SEK,37
24600,00,807941416,23396358.39,202103,DE,DKK,13
18000,00,846891371,97787223.82,202106,DK,SEK,52
22800,00,625308661,83862925.12,202312,GB,SEK,41
20002,00,774203514,74964586.27,202103,US,NOK,35
22200,00,656646989,71437558.18,202106,DE,SEK,69
23200,00,381245998,63618539.93,202106,NO,GBP,49
15010,00,273979644,15423389.35,202103,FR,USD,93
29700,00,894278581,49858558.35,202312,FR,USD,52
81300,00,564306608,12896980.1,202312,FR,USD,51
15650,00,839281306,78907954.69,202312,FI,NOK,73
20100,00,518649047,86846630.26,202309,SE,USD,87
22200,00,128854887,11349591.95,202106,US,SEK,68
20002,00,273950612,60609465.15,202309,DK,GBP,80
29200,00,447409183,70840217.95,202103,GB,SEK,16
15000,00,172648665,8466940.59,202106,GB,EUR,23
03200,00,813247886,8763655.1,202312,DK,GBP,88
19200,00,157740510,75588293.44,202106,NO,GBP,80
20590,00,653206781,17616677.24,202309,DK,GBP,86
20300,00,303238241,38247153.19,202309,US,SEK,43
15700,00,122449126,69282721.86,202106,SE,DKK,47
13310,00,373227340,79850906.61,202106,SE,DKK,21
20003,00,772831876,87641418.2,202103,US,NOK,74
29490,00,111591096,92156209.78,202309,FI,DKK,70
29500,00,996510757,36752142.32,202309,GB,SEK,80
23800,00,756937529,11038007.27,202309,NO,NOK,10
80051,00,549157661,23002551.88,202309,DE,NOK,34
13310,00,811757566,43965945.86,202312,US,SEK,13
81701,00,658007213,63514733.96,202312,FI,USD,22
80052,00,333040004,67800822.07,202312,DE,DKK,80
80500,00,211644847,88589243.36,202309,SE,USD,16
80300,00,212882560,26453826.49,202312,FI,GBP,14
15000,00,698107271,10480753.29,202309,GB,EUR,39
22000,00,106695339,14005084.47,202103,US,NOK,43
29900,00,330432351,11888604.26,202312,NO,SEK,32
80900,00,967297797,30213598.24,202309,DE,NOK,19
22900,00,215680280,75316322.57,202312,NO,EUR,59
22200,00,110004858,632718.25,202312,GB,DKK,96
80300,00,677156645,15239013.89,202309,FR,EUR,34
20001,00,142937281,87392856.29,202309,FR,USD,22
13320,00,132268273,29090054.85,202103,DE,DKK,81
29900,00,359180106,83461216.67,202312,DE,DKK,21
20800,00,172282837,84014658.2,202309,FI,DKK,82
18800,00,700020683,55864179.02,202312,FR,SEK,64
80500,00,367279693,39655340.75,202103,NO,USD,44
18000,00,573287854,73448177.85,202103,NO,SEK,39
17800,00,973259569,79765118.85,202309,FR,DKK,25
18100,00,352972050,6134184.93,202103,US,GBP,91
18800,00,538940514,29102358.79,202106,NO,USD,45
17800,00,847839833,70180414.51,202309,FR,GBP,69
23200,00,582285643,75861398.1,202103,NO,DKK,41
20420,00,845778133,4552286.17,202106,FI,SEK,58
22200,00,931276699,81025401.51,202309,FR,USD,68
80500,00,770406318,18537304.63,202103,DE,USD,23
81300,00,286935509,18218286.37,202312,DK,USD,29
29200,00,998603694,10968803.99,202309,FR,NOK,13
80900,00,159677209,8897738.42,202312,DK,GBP,33
13600,00,853986316,68749455.16,202106,NO,EUR,69
24000,00,796188352,2112538.98,202309,GB,SEK,98
29900,00,665875698,98461905.7,202309,US,EUR,18
81701,00,646171901,98753498.88,202103,SE,GBP,51
20420,00,805847626,61589531.63,202312,FR,NOK,42
22200,00,573221662,19321970.75,202106,US,GBP,31
80052,00,212247247,27824774.48,202103,SE,NOK,37
20200,00,506020011,9736818.09,202103,FI,SEK,22
13310,00,301878911,93955251.82,202309,FI,EUR,18
80300,00,745578243,4523451.21,202309,FR,NOK,43
22500,00,744318048,88001871.27,202312,SE,NOK,80
80900,00,571458583,56353954.09,202103,NO,EUR,87
23200,00,921962725,32178365.16,202312,NO,DKK,81
81500,00,873796214,65149302.26,202106,DE,NOK,87
15010,99,697859698,15899888.79,202103,NO,GBP,46
18900,00,223716392,91213382.06,202309,SE,USD,51
15000,00,686000297,14318748.12,202103,US,SEK,32
13800,00,529381635,82481597.59,202106,FR,GBP,15
15000,00,787654858,99905667.41,202312,DK,GBP,55
18900,00,736123091,77483190.57,202309,FI,NOK,43
23300,00,689580554,23698992.45,202309,FR,DKK,26
20100,00,414104973,97208656.84,202106,NO,EUR,78
03200,00,432225874,35458031.58,202309,US,EUR,76
20300,00,311358412,93713259.59,202106,GB,GBP,26
03100,00,711581424,71943383.82,202312,DK,USD,41
22900,00,484138982,1966939.93,202103,DE,NOK,38
24600,00,521669966,88746508.39,202103,NO,DKK,83
15000,00,803312674,28934984.51,202103,DK,EUR,93
17800,00,246208987,49811429.11,202309,FI,EUR,26
03100,00,484290762,8642300.27,202103,NO,GBP,54
29900,00,642567817,45003942.16,202103,FI,USD,92
03100,00,141749421,14711669.44,202103,DK,SEK,72
20100,00,607872250,76501951.29,202309,SE,NOK,10
18800,00,215532070,44994674.08,202106,US,USD,57
28000,00,641335354,20219460.27,202106,GB,NOK,99
22000,00,204154497,37940363.1,202106,DE,SEK,19
81300,00,690455421,5679151.56,202312,DK,USD,58
18100,00,146971984,68623901.36,202103,GB,USD,64
22800,00,294266229,95540487.51,202312,US,GBP,68
20300,00,154930374,46128594.22,202309,FI,USD,72
29490,00,832776089,44348773.93,202309,DK,USD,69
13700,00,977950808,79141938.58,202103,FR,USD,40
24000,00,666537257,95240018.42,202106,FR,GBP,31
22600,00,419337625,94613574.62,202309,DK,DKK,84
15650,00,970793910,37123707.36,202309,FR,SEK,27
03100,00,155036281,77991897.42,202312,SE,DKK,67
22000,00,411443008,87233433.09,202103,DK,NOK,14
20004,00,538003015,67393089.42,202312,GB,SEK,68
20590,00,298720119,54798903.06,202309,US,GBP,67
03100,00,889486809,93421967.96,202103,GB,USD,46
22900,00,762269176,89480957.04,202312,US,GBP,45
20004,00,957426399,68257375.86,202106,GB,DKK,64
29900,00,459612971,34085848.83,202312,US,SEK,35
22100,00,426080441,36143576.41,202309,DE,GBP,79
15700,00,369656855,92526486.55,202106,FR,USD,31
13800,00,168414690,17210911.63,202312,FI,DKK,66
22500,00,674269956,20669798.97,202309,FR,SEK,75
20003,00,513982599,86265953.28,202309,FR,SEK,42
18800,00,279257808,27414068.54,202103,NO,EUR,24
23200,00,138956925,67994634.94,202103,FI,NOK,29
13130,00,360761850,27985994.66,202103,SE,NOK,25
23100,00,785449837,33661296.57,202309,DK,EUR,61
17800,00,591647075,14441196.18,202106,FI,EUR,57
22000,00,147756323,93317628.67,202312,NO,EUR,88
20420,00,584001926,91842054.74,202312,FI,EUR,97
20550,00,443587275,36870408.36,202106,NO,USD,27
13500,00,525953144,46804387.8,202106,US,NOK,43
20420,00,738390551,77878924.72,202106,DE,NOK,46
13900,00,106816679,35704818.88,202103,FR,DKK,61
13120,00,616665222,40055492.8,202312,DE,EUR,38
18900,00,413984751,7785632.69,202312,DK,USD,37
80052,00,405515891,58772096.12,202106,FI,USD,13
20200,00,686074103,79340982.23,202309,GB,GBP,56
13400,00,859955531,46910693.22,202309,GB,NOK,19
20002,00,340080224,28973951.0,202309,GB,SEK,86
29000,99,994401649,14097401.1,202103,GB,USD,93
20410,00,813035145,97062378.5,202312,NO,DKK,52
13310,00,670174084,41130217.29,202312,DK,DKK,15
15000,00,590101379,99440146.03,202103,US,EUR,58
29100,00,617339349,38973612.52,202106,NO,SEK,68
28000,00,578687178,56806025.94,202103,FR,USD,78
24600,00,367258435,19848844.76,202103,FI,USD,55
29200,00,857042196,48001427.39,202103,GB,SEK,64
29490,00,225191242,12369520.68,202309,FR,GBP,33
17800,00,837554873,68802455.61,202103,US,EUR,38
20420,00,854289111,9359426.21,202103,US,DKK,22
20004,00,144167539,79986692.79,202103,DE,USD,51
81300,00,790800360,8638142.9,202103,FI,SEK,52
81500,00,353163957,62796708.13,202312,DE,EUR,42
81500,00,438891520,33408684.36,202312,FI,SEK,72
29900,00,677675119,10978103.95,202103,FR,EUR,34
18900,00,304298961,68744176.95,202312,GB,SEK,44
23100,00,837497218,65088814.57,202312,GB,EUR,15
15300,00,909484938,69952042.93,202309,SE,DKK,27
81500,00,944622539,89016772.07,202309,NO,GBP,40
15700,00,797978117,13695289.4,202103,NO,DKK,82
29100,00,100307618,80478441.54,202312,US,NOK,33
20000,00,472362236,38610853.25,202106,SE,DKK,58
80052,99,404878641,7700715.64,202312,FR,GBP,42
29200,00,970202560,81124204.47,202309,FR,USD,40
15300,00,279299837,73133503.15,202309,GB,EUR,88
23800,00,895730700,18389808.48,202312,FI,DKK,59
80300,00,313435788,76909810.45,202103,FR,EUR,29
20001,00,699539401,96200310.63,202103,FI,SEK,64
22800,00,164107092,52172822.64,202106,FI,DKK,51
28000,00,451774164,98779750.28,202312,DE,USD,97
80900,00,702783268,73109147.87,202309,DK,NOK,40
13310,00,738979530,80317269.65,202309,SE,SEK,83
80052,00,248537784,46695596.07,202312,DK,SEK,84
20100,00,876784297,84936591.22,202103,SE,USD,45
20004,00,115795236,37699211.04,202106,DE,NOK,99
20590,99,163463030,54890601.94,202312,US,GBP,83
22600,99,890863296,84645212.55,202312,GB,USD,48
29500,00,401665616,80708487.67,202106,NO,SEK,25
20300,00,874216554,74728068.1,202103,SE,GBP,19
20590,00,653841549,61323685.72,202309,FI,NOK,23
15700,00,425556985,28966429.51,202312,FR,NOK,66
22200,00,355657815,61786995.42,202103,DK,NOK,55
20420,00,175626709,1445000.87,202309,GB,NOK,66
15300,00,785175939,62744909.64,202309,FI,GBP,44
23800,00,121753761,98784823.33,202309,FI,NOK,45
15600,00,158119427,2189631.9,202103,DK,SEK,85
29700,00,596267474,5963301.56,202312,FR,NOK,29
22100,00,698847203,9300102.69,202312,SE,DKK,18
80051,00,823701858,30247830.84,202309,FR,GBP,87
15300,00,293894676,60814055.04,202103,GB,DKK,65
29500,00,868899256,76445292.02,202106,NO,EUR,15
81701,00,145176460,27338141.33,202103,GB,SEK,52
18300,00,966626739,5201302.3,202106,FI,USD,47
15010,00,125843759,13761673.83,202103,SE,NOK,57
28000,99,864018541,24197697.36,202312,DK,GBP,45
13500,00,170604123,75650559.97,202312,DE,GBP,44
24000,00,752698570,60001546.83,202312,NO,NOK,73
80051,00,279912954,40965709.36,202309,GB,USD,70
13120,00,258270179,52542078.58,202103,NO,DKK,25
24600,00,723595337,1861302.98,202106,NO,DKK,59
29100,99,652775694,1167332.32,202106,DK,USD,58
15700,00,728034384,38819840.34,202103,DK,SEK,21
03200,00,860524663,55466466.75,202312,DK,EUR,84
81500,00,992344383,35141167.78,202309,FR,NOK,22
23200,00,616034875,87946986.68,202312,FI,DKK,68
24000,00,790321828,26961102.95,202103,DK,SEK,43
03100,00,193789624,47596984.35,202309,GB,SEK,69
20002,00,487131241,64217033.96,202312,DE,EUR,81
15650,00,680762447,50106120.13,202106,DE,SEK,46
74900,00,630685033,19308710.38,202103,US,USD,12
20100,00,970310653,71530346.8,202106,SE,GBP,38
80051,00,343252627,71661132.47,202312,DK,EUR,67
20100,00,556456994,65149005.88,202312,DE,USD,22
17800,00,957576749,87803117.53,202106,FI,NOK,99
18300,00,238165854,11017871.81,202106,FR,USD,45
22900,00,772438695,28662048.17,202309,FI,GBP,27
15010,99,497250108,24377350.61,202103,SE,SEK,93
15600,00,871900945,29606848.14,202106,SE,NOK,42
13800,00,339906477,37975846.32,202309,FR,EUR,85
20410,00,988248836,55421009.67,202309,US,USD,54
22800,00,995776952,23428444.58,202106,FI,USD,31
23300,00,970235339,96456305.29,202309,US,EUR,13
29490,00,609904888,22670003.73,202103,SE,EUR,97
18400,00,122564315,24170433.35,202103,US,EUR,59
15000,00,228246367,87744186.95,202103,FI,SEK,96
29500,00,261630383,99763895.68,202103,DE,USD,37
20003,00,447495623,25448523.89,202309,US,NOK,66
03200,00,821802204,71019431.73,202312,NO,EUR,24
29900,00,779621929,21753371.64,202312,DK,DKK,58
20004,00,283661632,22780534.74,202309,GB,NOK,61
13120,00,866661755,56733831.05,202106,GB,EUR,82
20590,00,379766639,66160736.38,202103,NO,NOK,46
13200,00,405230170,45435989.05,202106,FI,SEK,70
15650,00,223377088,27308899.15,202312,GB,USD,51
20002,00,100149869,9382761.29,202309,FI,USD,55
74900,00,946260999,41741904.05,202106,US,DKK,47
20450,00,832093643,52100294.73,202309,SE,NOK,65
80051,00,779296101,34254350.44,202106,GB,EUR,91
29900,00,194311019,62022021.98,202103,GB,GBP,81
80300,00,741038049,88958042.99,202103,US,DKK,89
23200,00,510666997,94935445.47,202312,GB,EUR,12
20590,00,544921496,69304196.78,202106,DE,DKK,68
15650,00,934380064,80554304.41,202103,DK,EUR,50
29200,00,916829146,70055362.14,202103,DK,DKK,23
13700,00,879894018,86976551.78,202312,GB,DKK,74
20800,00,552976940,20315160.14,202106,DK,NOK,13
81300,00,414754610,96071093.31,202309,DK,GBP,38
20004,00,891960716,38215299.58,202106,DE,EUR,61
23300,00,288733951,18432338.57,202103,US,DKK,90
20450,00,752449922,9881582.15,202309,FI,GBP,20
20550,00,761324041,9344374.38,202309,FR,DKK,56
15010,00,148788619,63199529.37,202106,NO,GBP,84
13800,00,526664406,99634808.14,202312,DK,GBP,76
18300,00,778092583,59552952.29,202312,US,NOK,71
29100,00,575183156,73006210.41,202103,DE,DKK,79
15700,00,552353769,80232206.08,202309,SE,SEK,95
80052,00,170560715,40125002.09,202103,FI,SEK,27
22800,99,224632367,88246780.99,202106,GB,GBP,36
80900,00,412452121,31768425.4,202312,DE,SEK,96
20590,00,235372339,98926891.75,202103,NO,USD,56
20590,00,716407265,25898402.82,202103,FR,GBP,29
20000,00,460697799,89290366.44,202106,FI,EUR,41
13700,00,762742317,13454576.67,202103,DK,USD,25
15300,00,561855551,30651653.49,202106,NO,EUR,58
18300,00,788113708,97364769.82,202309,US,NOK,53
23800,00,491006534,92022508.26,202309,NO,GBP,90
13120,00,265668324,43382991.8,202106,US,EUR,99
20001,00,377268193,31105142.4,202106,GB,EUR,65
24600,00,735340440,44629258.02,202312,GB,NOK,12
20001,00,484723150,58501852.49,202103,FR,GBP,54
20004,00,155408526,67570612.29,202309,DK,EUR,80
80500,00,544962540,52984396.9,202106,DE,DKK,86
18000,99,228987566,65230704.99,202312,DK,GBP,63
29700,00,591527749,67724198.6,202103,GB,DKK,38
29000,00,612462686,31035447.58,202309,DK,EUR,28
13120,00,369751893,86277173.65,202103,SE,USD,79
18300,00,531817564,47752818.76,202103,NO,DKK,19
23200,00,539878174,21818034.13,202312,SE,SEK,77
13600,00,380113797,71023452.25,202103,GB,EUR,44
28000,00,799848198,58918520.79,202312,DK,USD,58
23100,00,822209192,38625594.93,202309,FR,EUR,53
23800,00,490476992,64763161.31,202106,GB,NOK,97
13500,00,318047400,95518076.09,202312,DE,GBP,59
13320,00,369749303,51568502.53,202309,DE,NOK,81
13800,00,844144114,96700013.27,202103,DK,SEK,72
13120,00,623067277,94424716.58,202309,FI,USD,11
20100,00,542622252,29390642.44,202106,GB,SEK,68
24600,00,198916721,83164640.73,202106,DE,NOK,31
03100,00,454668895,80085152.51,202106,FI,SEK,18
28000,00,719552036,18133226.7,202312,SE,SEK,43
22800,00,612965202,937233.22,202309,NO,SEK,30
22900,00,253887734,4855724.01,202312,DE,GBP,17
13600,00,697542239,64782644.67,202312,DE,EUR,36
22800,00,417678672,33425854.18,202312,SE,NOK,79
19200,00,688729149,15492361.46,202312,SE,USD,56
29900,00,604329763,44072675.14,202103,GB,USD,61
80051,00,366723180,6448543.15,202106,GB,USD,82
80300,00,535901551,53263506.93,202309,US,USD,81
22200,00,430295475,54539684.21,202103,DK,DKK,16
03200,00,399098119,31772371.78,202106,FI,USD,35
17800,00,794232200,46522136.75,202309,DE,DKK,70
80051,00,381787596,92004300.51,202309,DK,NOK,76
18000,00,381029253,59090251.78,202312,US,DKK,38
13130,00,164127299,25307829.75,202103,US,EUR,72
13120,00,368860128,63069119.56,202312,FI,EUR,30
22800,00,653393439,69422584.97,202309,FR,GBP,44
23100,00,327699026,63944320.12,202312,SE,USD,48
20004,00,131187642,49952656.52,202103,US,DKK,22
15600,00,782026595,86237085.85,202103,FR,NOK,83
20002,00,763021257,34768655.32,202309,DK,USD,64
29100,00,317614891,95781344.66,202106,FI,GBP,90
20800,00,268270164,59509027.66,202309,NO,DKK,33
13120,00,296714773,52028463.79,202312,DE,NOK,51
15700,00,246017182,66162658.92,202106,US,SEK,14
20002,00,303748016,27888841.2,202312,SE,NOK,60
80900,00,826592917,71359414.03,202106,NO,SEK,34
18000,00,849492612,39420582.23,202106,DE,USD,73
80052,00,446220100,55035143.0,202312,FI,USD,31
13310,00,877206842,63783930.86,202312,FR,GBP,53
23300,00,564354565,67587582.75,202106,DK,DKK,22
15300,00,493035617,63765357.69,202106,SE,EUR,69
29500,00,834735973,97648909.16,202103,FI,SEK,98
24000,00,355818392,65590986.3,202106,FR,USD,69
20004,00,866107907,10180298.96,202312,GB,EUR,63
13700,00,897852159,82393594.97,202106,DK,DKK,59
20450,00,929652321,25738968.09,202106,US,EUR,54
20003,99,583217186,77481286.72,202309,SE,SEK,73
22800,00,691128384,72938390.41,202103,DK,DKK,30
13900,00,503490926,20503023.27,202103,DE,USD,66
20200,00,193861670,80460452.49,202312,US,SEK,69
03200,00,254963715,98019996.83,202106,DK,DKK,92
23100,00,337616087,45442383.06,202106,DE,SEK,15
20000,00,624365150,47215826.49,202309,FR,USD,21
20004,00,593773752,90411592.08,202103,FR,NOK,62
03100,00,417274195,18918132.53,202106,GB,USD,90
15300,00,549081773,14882038.26,202309,FR,SEK,67
13400,00,806367798,23207754.28,202312,US,EUR,25
20004,00,377485746,42246543.59,202106,DE,DKK,70
29100,00,315151198,22223225.7,202106,FR,EUR,83
13400,00,415890423,62876391.88,202312,NO,USD,51
13900,00,380248124,50995663.35,202103,GB,GBP,99
29700,00,941603612,402841.37,202106,FR,SEK,44
80900,00,139105490,58838070.23,202309,GB,NOK,40
22500,00,783753052,52408546.86,202312,NO,SEK,25
20550,00,189811174,83076087.51,202309,DE,USD,56
18300,00,712485879,41818577.31,202106,DE,SEK,73
13700,00,372918764,8790194.48,202312,SE,GBP,87
13320,00,537988215,33702180.59,202309,NO,SEK,99
22200,00,904299633,57115202.21,202309,FI,NOK,15
29000,00,216962316,83999253.88,202106,DK,NOK,38
20000,99,305400765,16101629.4,202312,FI,EUR,38
29700,00,463676840,52237742.06,202309,FR,GBP,25
29500,00,926315472,52270739.3,202106,SE,USD,82
18300,00,897186938,14507301.78,202103,SE,SEK,13
81701,00,766545171,79499041.24,202312,DE,GBP,59
15010,00,737429762,86583412.86,202309,DE,EUR,28
80051,00,280128075,56331377.16,202309,SE,SEK,58
20000,00,123461780,51704371.87,202106,DK,EUR,66
24600,00,887186180,58503150.98,202309,DK,NOK,56
13600,99,824705343,5635223.34,202103,FR,USD,10
20800,99,801081945,48591505.84,202106,GB,GBP,95
20450,00,241150373,28967675.93,202309,US,SEK,38
03200,00,694388830,73671174.33,202103,FR,DKK,30
20590,00,695532808,17743577.56,202309,US,DKK,79
20002,00,723455482,22895176.3,202106,SE,EUR,96
23800,00,822634785,69118410.65,202106,SE,USD,65
22100,00,242133830,2480985.54,202312,DK,EUR,98
20300,00,879792953,54033937.56,202106,FI,GBP,92
13310,00,225051028,43292543.79,202103,US,DKK,18
20004,00,493730806,32448307.38,202106,NO,DKK,73
13600,00,617088160,87051516.11,202312,SE,GBP,69
29700,00,532032897,43026579.17,202106,GB,NOK,91
20590,00,902415711,55424277.74,202312,SE,SEK,24
18900,99,127385442,26454166.37,202106,US,GBP,62
22200,00,909063556,60842086.68,202312,GB,GBP,80
13700,00,631650709,9563248.98,202309,US,USD,62
20550,00,651025187,80182364.54,202312,NO,USD,52
18100,00,728812629,61439717.42,202103,FR,EUR,32
29700,00,647817431,1585564.36,202103,NO,GBP,34
20300,00,763347368,83118491.29,202312,FR,USD,28
22100,99,107153288,2808900.05,202106,SE,SEK,23
20003,00,237539916,23213112.25,202312,GB,DKK,96
81300,00,864083217,44975466.28,202309,FI,SEK,13
81701,00,282521387,85924432.82,202309,FR,EUR,57
17800,00,352663799,67806390.95,202106,FR,SEK,61
20410,00,189200685,66520425.76,202106,SE,DKK,79
20003,00,692269405,64254383.09,202103,DK,GBP,49
80900,00,199668377,81145175.02,202309,NO,NOK,46
22900,99,136372484,48997596.28,202312,FI,SEK,44
29500,00,988591610,86966841.21,202309,US,GBP,33
18800,00,154774137,93415129.65,202103,FR,EUR,12
22900,00,551566187,4896533.36,202106,DE,GBP,42
74900,00,806735350,36188673.89,202103,DK,SEK,43
20420,00,442689872,40908313.46,202309,DE,USD,86
18300,00,487948615,32373781.19,202103,GB,DKK,88
18000,00,343573212,52452346.39,202309,DE,USD,47
20001,00,846009601,76200478.74,202103,GB,GBP,70
20800,99,335872793,69012191.99,202103,GB,USD,81
80900,00,291877621,22775956.62,202309,NO,EUR,69
20100,00,118003719,33806376.25,202106,DE,NOK,24
81701,00,624791841,21941438.37,202103,FI,NOK,83
80900,00,449154130,63728382.83,202106,US,NOK,24
13320,00,414268123,31576573.56,202106,DE,DKK,17
17800,00,570911007,65208892.16,202103,DK,DKK,42
20300,00,429145175,33710539.04,202309,NO,EUR,44
29200,00,250462400,35831993.08,202312,US,DKK,88
20100,00,185504165,2579602.0,202106,NO,EUR,26
18300,00,179121764,29587534.04,202309,SE,USD,53
80300,00,681424646,40689719.09,202309,DE,SEK,84
23800,00,668810780,40073316.64,202103,DK,GBP,47
22200,00,951155114,47494993.44,202103,US,DKK,37
19200,00,536354053,83030240.87,202103,DK,GBP,79
18800,00,234977591,9927874.38,202309,FR,EUR,75
13200,00,128960242,24906140.72,202312,NO,EUR,77
80500,00,889601977,79698798.02,202103,DK,EUR,50
23100,00,784688420,55693946.68,202103,FI,GBP,39
29000,00,440298718,33003061.39,202309,FR,EUR,90
15010,00,390637254,38589303.25,202103,NO,NOK,90
20410,00,145983790,75127399.73,202312,DE,NOK,37
22100,00,143113568,38525037.98,202103,GB,EUR,14
03200,00,328588627,3357156.71,202312,DK,DKK,49
23800,00,612116637,18452676.7,202309,FR,DKK,52
80051,00,331332795,64566450.53,202103,SE,EUR,23
23100,00,828389553,62480190.74,202309,US,GBP,52
20410,00,541105015,26596486.17,202312,US,GBP,41
80051,00,747962406,32952284.11,202103,US,NOK,94
80900,00,959734944,81431596.73,202106,GB,SEK,73
29000,00,749615958,49530597.91,202103,GB,SEK,72
29200,00,141871390,19964983.25,202309,FI,NOK,90
13320,00,321387907,47545272.0,202103,DE,NOK,62
80052,00,670184926,25422779.27,202106,DE,USD,21
15600,00,745693635,66630037.89,202106,SE,EUR,53
20420,00,334055661,45327189.5,202309,DE,GBP,53
22100,00,647487754,96682874.39,202103,FI,SEK,73
29000,00,122980061,10920961.56,202309,FR,SEK,76
29200,99,933682981,31258380.96,202103,SE,EUR,73
18300,00,130118520,4932356.63,202312,US,USD,17
29490,00,538882169,16168314.28,202106,FR,EUR,10
03200,00,306778027,34327642.94,202312,DK,USD,68
18000,99,392019233,78002878.65,202106,SE,DKK,17
29490,00,124351042,44223399.76,202106,NO,EUR,22
24600,00,780373337,62573588.12,202309,NO,EUR,67
22800,00,652782720,29593041.8,202106,FR,DKK,85
81500,00,828277459,72857892.51,202312,GB,DKK,84
20004,00,252872735,12237981.99,202309,US,GBP,58
15000,00,465379274,85988373.52,202309,FR,SEK,66
18000,00,536755939,49287228.53,202103,NO,USD,16
22200,00,129051726,30016335.5,202309,FI,NOK,13
29100,00,795021598,44774981.55,202106,GB,SEK,96
24600,99,774607389,13136103.68,202106,SE,GBP,57
74900,99,168509940,10342117.14,202103,FI,USD,49
18100,00,695643016,67219535.66,202312,US,GBP,12
81701,00,161999921,53924410.74,202309,DK,NOK,41
13120,00,290628121,20603890.78,202103,US,NOK,56
03200,00,841093968,78838958.89,202309,FR,EUR,38
18900,00,373179343,97318412.43,202312,FR,SEK,55
20450,00,390833196,46014694.45,202103,US,NOK,19
22200,00,427048762,14750761.61,202309,FI,EUR,93
29700,00,673345832,99962183.25,202312,US,GBP,46
20001,99,348232374,86695463.74,202106,DE,NOK,38
80300,00,793256428,86012770.3,202106,SE,NOK,51
20550,00,232917494,37853412.73,202106,DE,GBP,39
23300,00,989525535,81457361.17,202312,SE,SEK,72
24600,00,240110454,73848626.79,202309,SE,NOK,59
18400,00,785385518,85958937.35,202309,FI,USD,65
20450,00,421361188,50480894.09,202312,DE,GBP,28
28000,00,957022719,18628621.67,202106,DK,GBP,40
22000,00,643861955,42900729.0,202103,GB,SEK,45
20002,00,763811045,42114568.16,202312,GB,NOK,28
03100,00,653798743,7325962.94,202309,DK,SEK,59
13310,99,211890322,87458148.21,202103,NO,USD,45
18000,00,167914849,17520174.19,202312,DE,USD,98
18800,00,654600590,55689327.36,202312,DK,USD,11
20001,00,915697583,27376971.53,202312,GB,EUR,20
23200,00,155918150,98149300.08,202106,GB,NOK,66
20200,00,831129927,78416834.15,202106,DE,SEK,93
29100,99,238824694,23008592.4,202106,DE,DKK,71
13310,00,758048896,26740678.77,202309,DK,NOK,53
03100,00,979796630,46585664.94,202103,NO,NOK,59
20590,00,584652020,14929159.07,202309,NO,EUR,62
15700,00,906935732,70376890.31,202312,GB,DKK,38
74900,00,586300183,50683706.94,202103,FI,GBP,11
24000,00,525486682,81257582.91,202103,NO,SEK,32
22100,00,190399976,11659721.56,202103,DK,SEK,77
13400,00,738111385,8935757.81,202312,DK,NOK,17
28000,00,402360381,65984005.51,202312,FI,SEK,97
03100,00,968984713,15517627.85,202106,GB,EUR,97
29490,00,195187425,79639471.21,202106,SE,GBP,64
13200,00,725488507,67175078.96,202103,FR,SEK,55
13320,99,926394381,73977995.52,202309,FI,SEK,88
19200,00,911815202,8093320.84,202312,GB,DKK,46
23200,00,516264099,47370128.44,202103,SE,USD,40
18900,00,814175268,70971948.25,202309,DE,GBP,96
29900,00,209286904,24503275.54,202103,US,GBP,85
15700,00,699432973,9328066.74,202103,DE,DKK,81
13130,00,673220686,28109540.68,202312,DK,USD,41
22000,00,933722362,33746204.91,202103,US,DKK,10
22100,99,188748024,87003006.93,202312,DE,DKK,58
15700,00,340173165,61786117.64,202106,US,NOK,68
18800,00,839019449,39556441.65,202309,DK,NOK,28
20004,00,525081111,64264439.62,202103,DK,SEK,44
29490,00,789848950,59935075.76,202103,FI,NOK,28
28000,00,379632317,53954715.32,202312,FI,DKK,76
20550,00,517997115,39974206.87,202312,GB,NOK,26
20003,00,695853145,36681337.59,202103,DK,NOK,11
20100,00,392652044,76084553.25,202106,FR,SEK,40
80900,00,584808361,15644864.7,202309,NO,USD,93
22800,99,954211075,50587889.84,202312,SE,NOK,40
18800,00,417534479,61510170.61,202312,FR,NOK,18
24000,00,833138348,29397000.67,202309,SE,GBP,12
18800,00,717717414,49983327.75,202312,FR,GBP,77
13900,00,104333156,9363948.62,202106,FR,EUR,27
20004,00,803790212,47561903.95,202103,DK,EUR,36
15010,00,901353326,96713826.95,202312,DK,DKK,47
80052,00,747243525,79979774.43,202106,DE,DKK,56
15010,00,102768744,52086359.63,202106,SE,SEK,49
20100,00,542189482,89253126.98,202309,DK,NOK,91
03100,00,259208005,81864889.21,202309,NO,USD,86
15300,99,747750191,87655524.52,202106,DK,DKK,77
24600,00,827081377,48560985.44,202106,GB,USD,11
20200,00,525124360,74146325.7,202106,NO,EUR,68
74900,00,750779774,27420780.39,202309,FR,USD,84
74900,00,950820695,79893392.01,202106,DE,NOK,86
15600,00,981962995,44249535.97,202309,FI,EUR,35
29000,00,829853471,71957897.17,202312,US,GBP,81
20001,00,844240226,79195642.48,202106,FR,EUR,65
81701,00,312696204,54331733.35,202103,FI,GBP,76
13800,00,828808720,28966218.09,202106,GB,GBP,91
22100,00,283252293,87352586.42,202103,GB,NOK,42
22000,00,848938544,14521503.98,202103,FR,EUR,86
22800,00,413869072,3751617.88,202106,NO,NOK,35
18800,99,253031721,1755662.58,202312,US,EUR,69
13700,00,163806787,18898061.38,202309,DE,NOK,16
22800,00,914257322,74712161.77,202309,GB,USD,78
24000,00,254506118,90125307.25,202312,FR,DKK,20
13800,00,954401064,11534061.47,202309,NO,SEK,90
81701,00,336850379,84515731.14,202309,GB,GBP,95
13120,00,166611180,84622913.1,202312,DE,USD,11
29500,00,640333183,50855878.53,202106,DE,GBP,21
22000,00,899220412,60475473.95,202312,DK,GBP,67
20300,00,806587357,90300340.2,202312,FI,DKK,81
29900,00,149173713,55854695.3,202103,NO,EUR,74
23300,99,813133322,79064599.43,202103,SE,GBP,63
23800,00,485657122,30898707.94,202312,SE,SEK,33
20003,00,879713681,90464836.35,202106,NO,SEK,80
22200,00,732627091,35010544.58,202106,DE,DKK,11
80500,00,275258947,5798772.54,202106,GB,GBP,12
23800,00,367516661,55699669.37,202309,DK,USD,37
29000,00,244111390,2968669.17,202103,FI,SEK,29
13130,00,513104377,46115621.98,202312,FI,EUR,32
29490,00,280032569,31335832.08,202103,US,GBP,10
13200,99,224789893,62868378.4,202103,FI,EUR,57
81500,00,352320770,13648582.59,202312,DE,GBP,85
29490,00,169687101,25000748.28,202103,DE,DKK,68
13600,00,927046879,88566810.41,202106,NO,GBP,75
81300,00,272702308,42144929.77,202312,GB,SEK,65
23200,00,827012677,35047262.32,202106,US,GBP,84
15700,99,994145205,11167265.83,202309,FI,GBP,20
29500,00,908999334,65489289.59,202103,DE,EUR,26
22900,00,523466674,75289660.73,202309,FI,GBP,54
80051,99,808432086,25226010.58,202309,FI,DKK,63
20001,99,919633524,69846551.08,202106,DE,NOK,31
81300,99,789170968,35783745.64,202312,FI,DKK,50
15600,00,970567929,11092967.9,202106,US,GBP,34
81500,00,429576315,32668286.93,202103,FI,DKK,18
13400,00,641327491,87525483.97,202312,GB,NOK,90
20200,00,506261662,5858729.53,202309,FI,USD,21
74900,00,526144376,60198446.78,202106,US,GBP,52
15600,00,230137658,58429526.35,202312,FI,EUR,22
20420,00,160616381,6747359.1,202103,FI,SEK,54
22600,00,560145111,43405997.88,202103,FR,DKK,89
22600,00,181960924,45061877.5,202309,US,USD,51
17800,00,799792850,33827969.87,202106,DK,DKK,12
24600,00,985979953,23864424.82,202106,FI,DKK,34
29500,00,366216244,74786424.19,202309,NO,SEK,70
15010,00,699634413,26664693.85,202312,FR,EUR,45
22900,00,911404800,92483854.84,202103,DK,GBP,78
18400,00,518695202,16424102.81,202103,US,USD,79
20000,00,482491540,11656971.25,202103,FR,EUR,94
13400,00,249913732,37692133.71,202309,SE,DKK,15
29200,00,960151658,87524029.42,202309,DK,SEK,22
24600,00,628786431,27770601.45,202312,NO,USD,97
23800,00,184541553,25305220.63,202103,GB,EUR,62
13120,00,422733546,42711187.55,202103,DK,EUR,27
15010,00,731031655,87630830.35,202106,NO,NOK,50
13500,00,151013151,60815481.05,202106,US,EUR,58
20003,00,720373740,83492690.03,202312,FI,DKK,52
20200,99,121998807,95757821.61,202312,DE,USD,11
23300,00,530319748,7645667.57,202106,GB,DKK,69
22000,00,883528866,20362360.69,202103,NO,NOK,30
15000,00,144687990,1307151.22,202312,GB,DKK,14
20003,00,427516321,5898521.18,202309,SE,EUR,62
15700,00,259427376,32289174.89,202106,US,NOK,43
20450,99,711015526,3480002.34,202309,DK,NOK,80
22200,00,991358308,49632089.12,202106,DE,NOK,32
80051,00,493049476,51521546.99,202103,DE,GBP,16
22100,00,303857737,90776150.21,202106,FR,EUR,67
20004,00,372409416,12950188.34,202309,GB,SEK,38
29900,00,445966808,93233884.91,202312,GB,GBP,63
03100,00,972462174,32332674.09,202312,FI,DKK,92
03200,00,257952497,229584.79,202103,GB,SEK,82
29200,99,273171419,68760424.53,202106,FR,USD,68
22000,00,272808149,46853292.25,202309,NO,SEK,92
80300,00,591585535,3141460.44,202103,NO,GBP,78
20410,00,263834575,19146776.79,202103,DK,GBP,34
13800,00,341387874,28466133.04,202312,FR,USD,13
20420,00,371631479,36806028.06,202106,SE,DKK,65
80052,00,988380388,85312327.8,202312,DK,GBP,65
22900,00,663535911,75594589.18,202312,FR,USD,79
20450,00,158957251,13081967.24,202309,FR,EUR,87
74900,00,326186543,21496078.06,202309,DE,DKK,47
29200,00,211471661,66699446.14,202312,SE,SEK,69
18000,00,851447882,24808319.66,202106,US,DKK,48
18300,00,723308456,83069236.65,202106,GB,SEK,75
20420,00,421128551,94836784.29,202103,FR,NOK,98
20800,00,448962997,12144062.24,202106,FR,NOK,60
15700,00,861324904,19572566.31,202309,DK,NOK,89
17800,00,431928619,35089327.82,202312,DE,SEK,38
15010,00,196754563,96533919.96,202103,SE,DKK,41
20000,00,404032353,99862042.59,202106,US,GBP,33
13320,00,310120392,39482230.94,202103,FI,NOK,59
13310,00,538365743,73725652.21,202312,FR,GBP,35
13500,00,199408080,52067322.67,202312,DK,GBP,39
22000,00,689564222,19944956.92,202106,FI,USD,51
74900,00,738193152,85360667.39,202312,SE,SEK,64
23300,00,134016709,35545391.27,202103,DE,NOK,86
13900,00,128558160,40876294.96,202309,DK,EUR,38
20420,00,473973295,89241892.75,202312,DK,DKK,38
20002,00,585528445,75412617.26,202312,FR,EUR,69
23200,99,520400070,15800737.46,202106,FI,NOK,84
20590,00,929668769,34510711.04,202106,DE,GBP,84
20450,00,287936918,92279275.94,202106,SE,EUR,90
22200,00,291817249,12771302.92,202312,SE,DKK,65
29490,00,393368701,8535713.09,202309,US,DKK,43
13900,00,116601710,93307000.78,202309,US,EUR,74
13700,00,777755812,75130055.37,202312,US,SEK,71
20001,00,152374773,54534447.83,202312,US,SEK,45
17800,00,731405109,8560927.62,202106,DK,NOK,37
18000,99,507387156,76955176.56,202106,GB,SEK,90
29000,00,377520388,60830755.38,202312,FI,DKK,32
19200,00,960445011,77728399.09,202309,FI,USD,23
13500,00,470625559,78748814.16,202106,US,DKK,57
13310,00,484176701,71074522.81,202312,SE,GBP,69
29490,00,456337539,56092260.24,202309,DK,SEK,37
23100,00,475644618,70713385.29,202312,DE,EUR,10
20450,00,511247877,129173.12,202103,US,SEK,20
13600,00,378083247,52651838.24,202312,DK,USD,39
22100,00,800194292,45384073.67,202103,DK,SEK,55
29900,00,261287725,42524913.06,202309,FI,EUR,10
03200,00,734167219,39670207.08,202312,DE,EUR,16
20410,00,795661837,74111628.72,202312,SE,GBP,17
22200,00,835610358,62435016.77,202106,DE,USD,20
22200,00,594573048,79940855.97,202103,GB,GBP,96
29490,00,937981606,20206306.37,202312,NO,SEK,63
18800,00,167118262,204506.83,202106,FR,GBP,99
24000,00,916619031,10496342.4,202309,FR,GBP,36
81300,00,629607034,30954998.85,202309,US,USD,79
22600,00,569493817,34678073.72,202312,DE,USD,86
13200,00,760231202,1218037.96,202309,GB,EUR,74
18300,00,917951936,30865827.88,202309,DK,SEK,14
29000,99,758717787,36329689.95,202103,DE,NOK,87
20800,00,529716480,53804105.0,202103,DK,EUR,73
20001,00,407270743,56355905.51,202103,US,GBP,86
20800,99,764260949,57533253.3,202309,FR,NOK,60
13400,00,650363827,27901868.09,202106,FR,GBP,40
80500,00,116734876,46389839.3,202106,NO,SEK,57
20550,00,680974902,10717213.51,202106,SE,SEK,12
20410,00,566442571,53372703.87,202312,FI,GBP,45
20100,00,892326220,47725385.19,202103,FR,USD,98
22600,00,363897315,78800636.92,202103,DK,USD,50
15000,00,451122296,32920964.92,202309,US,NOK,42
29500,00,240934889,93814310.11,202106,NO,GBP,10
18400,00,146833727,90980833.88,202103,DK,GBP,42
29200,00,977514283,24744506.7,202312,DK,EUR,69
13800,00,293947003,77117923.07,202106,DE,GBP,85
15700,99,503290198,13221314.57,202106,FI,SEK,99
29100,00,855851853,36166855.65,202106,DE,NOK,36
15600,00,988085014,48379176.23,202309,NO,NOK,30
22500,00,829088045,32689160.84,202103,DE,EUR,28
15010,00,113022704,39117756.85,202312,SE,USD,93
24600,00,148759439,69425945.87,202103,FR,EUR,14
15600,99,996431221,90361685.51,202103,DE,DKK,30
23200,00,871005418,26714758.61,202103,DK,GBP,51
15700,00,806812184,47496897.11,202309,FR,USD,78
18300,00,118805860,21683928.97,202309,US,USD,90
20003,00,353843148,83794006.56,202312,FI,GBP,52
80500,00,882759240,36508902.64,202309,NO,USD,85
15650,00,806369608,7908744.58,202309,SE,DKK,14
74900,00,988876279,5924293.97,202312,SE,SEK,32
13120,00,126698886,76052523.72,202103,DE,DKK,22
20100,00,426769686,86053005.87,202312,DK,USD,74
80052,00,665910327,2725084.86,202103,NO,DKK,38
15000,00,260000563,43978501.45,202309,DK,SEK,34
22000,00,389180000,63598529.55,202309,US,DKK,10
81701,00,149201149,99649060.79,202309,SE,GBP,39
80500,00,505567321,16707576.21,202312,NO,EUR,28
18800,00,595231836,58872785.67,202106,SE,SEK,58
15300,00,604311318,43521565.46,202309,GB,SEK,72
81300,00,341357852,72186727.94,202106,US,EUR,92
20004,00,910500124,16733050.61,202103,NO,NOK,81
29490,00,542312476,54744342.18,202103,FI,NOK,50
22000,00,883918522,10344334.38,202103,GB,NOK,68
18400,00,467447669,32192815.54,202106,FI,GBP,77
18000,00,192143641,45208307.2,202106,NO,USD,69
22800,00,347977510,46127796.03,202103,US,GBP,57
22500,00,549456437,55462944.51,202309,NO,SEK,28
20000,00,485627388,82617490.67,202103,NO,USD,22
18900,00,536505974,44261188.66,202103,FI,DKK,34
18300,00,125814444,42535095.1,202103,FR,SEK,51
29500,00,293479737,44881212.5,202309,US,EUR,19
15700,00,569080901,7015221.43,202106,US,EUR,36
29700,00,577812995,47115427.18,202312,DK,EUR,20
03100,00,894225770,71275620.58,202106,GB,EUR,50
20550,00,703109640,81858668.09,202309,DE,DKK,74
13310,00,764867982,6839579.56,202312,FI,GBP,16
15600,99,574269516,20209153.11,202103,DK,USD,29
22900,00,219477070,54098548.77,202106,SE,EUR,56
24600,99,790345575,94316423.64,202309,SE,SEK,14
20002,00,740529729,41575127.41,202312,GB,GBP,55
29500,00,238855121,25134556.64,202309,DE,GBP,15
22500,00,980502076,79770254.72,202106,GB,NOK,74
18800,00,898933604,5139969.47,202103,GB,SEK,89
23200,00,179671008,13263718.5,202312,NO,SEK,31
13700,00,261140114,64578234.63,202312,FR,SEK,82
23100,00,166582388,17747972.91,202106,NO,USD,44
20100,00,436722836,45300768.57,202309,FR,DKK,60
81500,00,672595206,30304364.96,202309,FR,GBP,57
13600,00,425645292,654877.43,202103,DK,NOK,77
18000,00,298642327,50491502.44,202312,US,SEK,27
13600,00,928881521,52598648.73,202106,SE,NOK,28
18900,99,545192923,99812372.44,202103,SE,NOK,85
03100,00,952088701,70066830.37,202103,GB,NOK,79
13400,00,594755484,31846371.73,202309,FI,EUR,13
15000,00,473057904,7359734.44,202309,FR,NOK,30
24600,00,538562396,44835783.46,202103,FR,NOK,21
13700,00,436883843,96573640.73,202103,FR,GBP,44
80500,00,345380198,11469885.97,202106,DE,USD,30
20003,00,342403061,8169953.71,202309,US,GBP,47
20590,00,777763425,4257794.95,202312,NO,SEK,79
24000,99,369947931,67513240.91,202103,US,EUR,38
13200,00,519159275,5997480.64,202103,FR,GBP,26
13120,99,831883745,88804258.79,202309,DK,NOK,72
20300,00,933988913,80562809.2,202312,FI,SEK,30
22500,00,307491125,16520870.8,202312,FR,NOK,70
29900,00,928201785,83918650.12,202103,FR,NOK,48
22000,00,868442712,4086919.32,202106,NO,DKK,28
18400,00,458988760,34187687.03,202309,NO,GBP,21
03100,00,985757449,95203027.62,202103,NO,EUR,27
13800,99,189537651,52407809.71,202106,DE,NOK,28
29490,00,453964974,42142713.31,202312,FR,GBP,91
13400,00,385058705,68687409.03,202106,NO,GBP,15
15010,00,632527692,57898219.65,202103,DK,GBP,27
22800,00,130926703,4154856.5,202312,FR,EUR,27
80500,00,884241184,62273873.86,202312,DE,USD,47
22800,00,526586598,15377133.15,202106,DE,DKK,80
15600,00,811657543,6339879.06,202312,US,DKK,23
23100,00,666206422,88342216.6,202312,NO,GBP,32
80300,00,707893218,51833137.67,202103,NO,EUR,12
28000,00,213120454,71912191.17,202106,DK,GBP,13
23100,00,966431348,79893669.72,202106,NO,NOK,99
81701,00,618890267,60167596.1,202309,DK,DKK,14
13900,00,228438633,88067275.84,202103,GB,EUR,41
28000,00,290212903,5748929.07,202309,NO,GBP,33
15010,99,625923790,77440640.3,202312,US,SEK,92
29000,00,667148134,44117391.97,202103,FI,GBP,93
18400,00,218963219,23563718.95,202312,DE,USD,87
15650,00,652428365,57433329.1,202312,SE,USD,50
19200,00,909511855,44225918.23,202312,SE,NOK,90
20200,00,388015861,52784763.2,202309,FI,NOK,46
81701,00,444298767,41981849.63,202103,US,GBP,69
20001,00,671620705,54475635.53,202309,DE,GBP,89
20410,00,336473373,70895854.71,202312,SE,GBP,33
20003,00,311575413,24500071.59,202312,US,NOK,76
74900,00,309856748,99061562.51,202309,GB,EUR,64
20410,00,975245496,49816657.41,202106,DE,GBP,72
13320,00,135062370,11544275.71,202103,DE,SEK,10
18100,00,615482622,24904316.34,202103,SE,USD,26
23100,00,624331352,1649044.63,202309,FR,USD,81
80051,00,599488747,27941563.16,202103,SE,SEK,12
18400,00,638412464,70682892.7,202309,FI,SEK,51
24000,00,694079324,96049593.29,202103,DK,USD,50
23800,00,741400943,15336517.66,202309,DK,EUR,80
23200,00,586553147,64271792.56,202309,DK,NOK,95
80300,00,993634172,37506949.24,202309,GB,EUR,76
15700,00,426103486,39522133.67,202312,SE,EUR,67
13400,00,118910559,2972980.32,202103,SE,EUR,32
15600,00,817533803,27879448.68,202309,DE,NOK,12
29500,99,229393326,52401391.2,202312,NO,EUR,44
29490,00,456702812,91225259.11,202106,FR,GBP,54
23300,00,379086523,20399851.41,202309,FR,USD,53
15700,00,582992599,24194577.84,202312,GB,NOK,51
81300,00,455118471,7953555.06,202312,DK,NOK,11
29490,00,749204965,7791101.66,202106,DE,EUR,96
22600,00,983197229,63388848.22,202103,GB,USD,20
81701,00,500942442,3424008.94,202309,GB,USD,27
81701,00,206760040,79629777.01,202312,SE,GBP,73
29490,00,159213303,2234385.0,202309,FI,GBP,51
20002,00,620825173,93829720.93,202103,GB,EUR,86
15650,00,212785807,26281265.01,202106,NO,GBP,71
18800,00,498107718,44169744.02,202309,FI,USD,19
81701,00,358674388,76500544.65,202103,DK,GBP,26
29500,00,312442026,85132460.83,202309,FR,DKK,39
18400,99,823782496,97763847.22,202312,FI,USD,59
28000,00,799595111,80009731.42,202103,FR,GBP,12
29700,00,820302915,46630493.79,202106,DE,SEK,86
17800,00,291672867,70829692.11,202103,NO,GBP,67
13900,00,480820771,33981028.72,202106,DK,NOK,46
17800,00,668470592,29025444.08,202103,DK,NOK,51
29700,00,399158427,95659796.39,202309,FI,DKK,20
13130,00,638967976,64653034.66,202309,FR,GBP,15
22100,00,562769383,48676626.3,202312,NO,GBP,21
20410,00,861107661,3907820.86,202312,US,NOK,64
29500,00,156808152,62945194.78,202309,DK,EUR,66
29000,00,253234884,70715540.46,202309,US,EUR,50
15650,00,685170555,52684076.74,202106,GB,NOK,35
20800,00,316990315,83917885.28,202312,DE,USD,93
19200,00,833237991,29873993.5,202312,NO,EUR,15
20004,00,324556269,7749513.25,202309,US,USD,86
13200,00,569604535,26170770.08,202106,DK,USD,32
23100,00,233278407,25313316.79,202312,DK,EUR,58
20100,00,468594572,76799930.58,202106,GB,SEK,92
23200,00,463943135,5030819.82,202106,DK,GBP,81
13500,00,254591929,46827788.46,202312,NO,USD,84
80051,00,108596186,50190890.19,202312,US,EUR,82
20800,00,144153628,24338096.7,202106,NO,USD,78
29700,00,186540282,16678951.21,202103,DE,DKK,74
81701,00,134300135,79669129.46,202309,DE,NOK,15
22500,00,654463882,47968094.34,202103,DK,EUR,71
74900,00,531959534,84102296.28,202106,DK,USD,57
29700,00,276528662,75137079.77,202309,SE,SEK,22
29000,00,904532031,27639530.84,202103,SE,EUR,33
13500,00,782117437,40780014.76,202103,FI,EUR,51
80500,00,408191801,70498550.86,202312,FI,DKK,51
22500,00,189554404,43697569.3,202309,FI,DKK,22
15600,00,310989097,63087345.56,202309,FI,DKK,45
20000,00,924857846,41972435.76,202103,SE,SEK,69
80052,00,347765480,33983351.27,202309,US,DKK,10
22800,00,407088253,31330919.08,202106,NO,USD,48
28000,00,855609002,67717589.74,202312,FI,SEK,10
28000,00,657552262,22839830.66,202106,FI,DKK,33
29490,00,364553725,6057716.51,202106,DK,SEK,12
20003,00,342933269,37681466.58,202103,US,USD,15
22200,00,469840192,91742407.6,202103,SE,DKK,27
13900,00,540831598,21491871.89,202309,GB,SEK,99
22600,00,848969400,67813417.64,202312,FI,GBP,29
18400,00,214941290,93226749.98,202103,GB,USD,62
29490,00,510851149,62291891.6,202312,FR,SEK,49
20200,00,352637750,64912414.52,202103,GB,USD,95
18800,00,303418555,16810754.51,202103,GB,NOK,32
22500,00,606682957,82299888.1,202106,FI,SEK,38
18400,00,750310425,14927664.01,202309,FR,USD,22
19200,00,882319411,40970880.63,202309,DE,USD,92
20550,00,871306911,66879785.47,202103,NO,USD,26
29490,00,240864074,26892238.98,202106,SE,EUR,11
20000,00,543167749,4294771.71,202309,FR,DKK,40
29000,99,206668577,34187998.28,202312,SE,SEK,92
80052,00,777938680,67131955.28,202103,DE,EUR,40
20000,00,837476423,24689651.01,202312,FR,USD,89
13400,00,951295293,50032286.68,202106,FI,USD,44
23800,00,799802048,9856933.99,202106,NO,NOK,32
18800,00,388198884,31198835.77,202312,US,USD,36
18800,00,886797511,9276528.51,202309,GB,NOK,59
81701,00,902197941,63182588.53,202103,FI,USD,82
15600,00,784574335,3613188.78,202103,FI,EUR,53
29500,00,604860546,61256431.43,202309,US,EUR,80
29500,00,411385927,99404335.24,202103,DK,SEK,52
15010,00,270589197,82748543.13,202106,GB,EUR,18
13200,00,460372908,68750444.96,202106,DE,SEK,95
23100,00,381954315,4172488.48,202103,SE,EUR,25
18000,00,685769840,67299381.35,202312,FR,EUR,65
20800,00,182669276,49203562.41,202103,DE,SEK,57
22900,00,659892983,15135022.44,202309,SE,GBP,25
18100,00,839366675,60354389.17,202312,FR,SEK,11
80900,00,150126875,93944279.83,202103,GB,DKK,52
03200,00,634333874,71429435.59,202103,FR,EUR,83
80500,00,892705948,56303877.59,202309,US,DKK,58
29500,00,818642121,81300668.43,202103,GB,DKK,62
13320,00,767175474,47119394.52,202309,NO,GBP,84
20550,00,741706661,59156500.48,202309,DK,GBP,54
20000,00,273602488,64616371.57,202103,US,EUR,75
22500,00,209690934,50548183.22,202312,FI,GBP,68
29000,00,497005430,52057629.89,202309,DE,USD,10
24000,00,454769097,95732876.91,202309,FR,GBP,59
20550,00,988496952,87097822.85,202106,SE,DKK,51
20100,00,165734588,56519106.27,202106,DK,USD,10
13700,00,458699628,80881903.67,202309,NO,USD,49
22100,00,479835284,26475975.32,202103,FR,DKK,51
20100,00,267786930,29455873.24,202103,DE,GBP,11
24000,00,988241756,10077816.46,202309,US,SEK,83
20410,00,166357674,81636687.47,202103,FR,EUR,78
81701,00,192056021,80819705.57,202309,FR,USD,67
81701,00,561218131,96209506.09,202309,SE,SEK,94
03200,00,832489860,23094943.12,202103,FR,SEK,58
13700,00,665727552,76536925.43,202106,GB,GBP,39
18300,00,587942155,70527764.75,202309,FI,EUR,11
74900,00,457113557,22784017.03,202309,GB,NOK,30
20004,00,274768872,37340889.85,202106,GB,USD,13
24600,00,372825995,62247799.52,202103,GB,USD,76
13600,00,723979918,40938608.47,202106,FI,GBP,55
13310,00,975209314,32602079.97,202106,GB,DKK,93
81300,00,472524384,37989589.91,202309,NO,DKK,66
29490,00,234860317,49158719.07,202103,US,DKK,76
29490,00,812552600,56095409.94,202106,DE,USD,19
29700,00,165585245,30428271.49,202106,DK,GBP,34
03200,00,458765089,37825282.85,202106,GB,SEK,36
20800,00,788468154,74275136.97,202106,DE,DKK,59
29500,00,767214663,87565475.55,202103,NO,NOK,19
29500,00,226425456,67589720.89,202312,GB,NOK,90
15010,00,868251576,12625359.99,202309,NO,EUR,11
29200,00,634622641,88972079.07,202312,US,DKK,98
22200,00,644126609,24022479.88,202103,DK,NOK,93
13310,00,903003993,96106528.5,202312,DK,DKK,66
29200,00,222787459,79574874.9,202106,GB,EUR,57
15000,00,487019608,90132500.75,202103,US,NOK,30
20420,00,548844565,17516393.18,202309,NO,SEK,82
29500,00,511495739,18069422.03,202106,SE,EUR,83
13130,00,932755943,84322856.6,202312,FI,USD,94
24000,00,237017845,45080418.47,202312,FR,SEK,49
20001,00,947821462,87080524.35,202309,NO,NOK,21
22000,99,129188017,52151116.07,202106,NO,SEK,78
15600,00,596530424,67022548.44,202106,FI,DKK,27
15010,00,375367713,19630228.3,202309,GB,DKK,45
15600,00,567388681,72239662.15,202312,DK,SEK,81
15000,00,610452297,33230958.97,202103,GB,EUR,13
81701,00,534486531,47892194.08,202309,NO,EUR,54
74900,00,803621088,69875141.29,202312,DE,GBP,96
15600,00,166174205,14702768.64,202106,SE,SEK,65
22800,00,455168600,61182103.26,202312,GB,USD,69
29000,00,483619837,58163418.06,202106,SE,EUR,51
13130,00,604517120,79724745.25,202106,DK,NOK,87
80051,00,103691853,72601060.21,202103,US,NOK,31
80500,00,913924698,44606928.73,202103,FI,NOK,69
80500,00,997464543,37822347.18,202312,FI,EUR,12
20300,00,497130822,71109925.58,202103,SE,EUR,58
81300,00,635518744,62739773.63,202309,FI,DKK,49
81500,00,606953935,20346573.69,202312,SE,DKK,86
22200,00,648453799,30884700.15,202312,GB,DKK,99
80900,00,562111824,91015699.8,202106,FR,EUR,45
22500,00,735744379,19376239.4,202106,NO,DKK,90
13400,00,823704570,20678635.39,202312,SE,GBP,34
15010,00,317945219,8099376.2,202106,SE,USD,33
29100,00,915148644,75064371.73,202103,FR,NOK,16
29490,00,427415234,90939682.92,202106,DK,SEK,81
15000,00,775533749,57014314.26,202106,US,GBP,23
13320,00,282860967,95153249.58,202309,NO,GBP,37
29000,00,866985697,26789960.2,202309,GB,DKK,84
22200,00,846349058,78753855.37,202103,NO,NOK,77
13600,99,989966511,52246205.84,202103,FI,USD,40
22800,00,472422485,65298236.98,202106,DK,SEK,21
22500,00,433931322,23632083.47,202312,DK,SEK,51
13310,00,287179182,23548982.61,202103,GB,SEK,30
20000,00,516656792,27105309.42,202312,GB,GBP,99
20002,00,452546060,46092472.5,202103,FI,NOK,33
20300,00,560635911,98799391.66,202312,NO,DKK,46
15700,00,590237812,5898333.21,202103,FR,SEK,61
15300,00,921696249,33375755.19,202312,NO,DKK,91
19200,00,963300445,47779659.32,202106,FR,GBP,57
80500,00,475263998,67949079.45,202312,FR,NOK,59
20800,00,295517348,70984444.28,202312,FR,GBP,72
20003,00,285758344,96244483.68,202309,DE,EUR,70
03200,00,633599275,92972188.37,202106,DE,GBP,32
13600,00,200204285,30664325.77,202309,DK,NOK,80
18300,00,879095271,32247457.0,202106,FI,GBP,72
13120,00,383827050,65258528.54,202103,NO,DKK,16
24600,00,638994596,49181911.33,202312,DE,SEK,10
23200,00,875803389,53164176.48,202309,NO,DKK,53
15300,00,848571703,25715763.89,202309,FI,NOK,12
13130,00,137269074,91344449.46,202106,GB,GBP,19
13800,00,217669328,74869303.39,202312,FR,SEK,29
15010,00,681926551,84941427.91,202103,FR,USD,53
80500,00,325589964,88778632.87,202309,FI,DKK,62
13400,00,778959535,53274267.52,202103,SE,EUR,74
29900,00,254073224,86098081.79,202312,FR,GBP,51
20002,00,970783264,82417387.06,202103,FR,DKK,44
29490,00,198001697,8856040.51,202309,FR,DKK,13
29500,00,945846099,25654365.64,202312,NO,NOK,73
13500,00,924150509,4880260.57,202103,SE,DKK,80
20450,00,883666223,77788438.88,202312,FI,EUR,66
28000,00,943932946,94658234.8,202106,DE,EUR,60
29200,00,206153685,28916952.16,202312,FI,DKK,72
80500,00,628183800,87552493.78,202106,DK,DKK,34
28000,00,281609389,86746013.89,202106,NO,EUR,11
18800,00,936478234,1077584.18,202312,NO,EUR,87
03200,00,455215046,95602602.9,202103,DE,USD,62
18300,00,921590114,18660023.89,202312,NO,USD,27
18100,00,710298245,57780713.65,202309,GB,USD,43
28000,00,999257159,48440764.05,202103,DK,NOK,51
81500,00,422615045,26109301.75,202312,GB,DKK,73
15600,00,182301221,70765253.72,202309,FI,DKK,95
13500,00,260511336,20569158.33,202106,GB,EUR,86
20550,00,428682937,61377255.95,202312,US,GBP,83
81701,00,947894568,81278955.87,202106,DE,SEK,38
22800,00,886101091,39574603.83,202103,FR,DKK,81
22200,00,710250057,69651777.71,202106,FR,USD,11
15010,00,994281411,89113472.57,202309,SE,DKK,61
20800,00,986347960,11142594.07,202309,US,NOK,17
18800,00,536732323,41210612.12,202103,DE,EUR,89
13310,00,683882891,58108441.82,202312,GB,SEK,88
20004,00,998305679,38580448.4,202103,SE,NOK,18
81500,00,842681268,697335.23,202309,DK,DKK,22
20800,00,811307955,9395402.48,202103,GB,NOK,21
13700,00,597858812,14771548.59,202312,SE,USD,19
18900,00,783404862,70506296.83,202312,SE,GBP,19
20590,99,462170711,17363495.53,202106,DK,EUR,86
13400,00,912695232,74540086.84,202103,US,GBP,96
13900,00,306547956,97508927.85,202309,NO,SEK,54
22800,00,924248884,58487914.82,202309,DK,SEK,67
20410,00,671159331,67071236.85,202103,US,GBP,26
20300,00,604531909,72722097.29,202106,FR,SEK,99
20420,00,350392627,13232772.42,202106,FR,GBP,50
20001,00,604838471,14887110.11,202103,SE,GBP,81
20100,00,157160894,73511793.34,202103,GB,SEK,46
19200,00,520647223,16181778.14,202106,FR,NOK,70
23100,00,971176748,6017950.22,202312,DE,EUR,44
18400,00,955152511,24140704.87,202103,GB,GBP,89
03100,00,288255604,67008322.38,202309,FI,SEK,81
15010,00,193283216,30499244.72,202106,DK,SEK,41
22100,00,840703692,39889612.15,202103,FI,SEK,79
29000,99,831720601,6355560.12,202312,FI,SEK,79
13500,00,799397198,30170349.32,202312,FR,GBP,50
20410,99,806694778,51544851.71,202103,DE,DKK,49
20550,00,406367856,3562894.23,202103,SE,DKK,13
15010,00,704352564,23298009.73,202309,DK,GBP,40
22100,00,916723082,56056570.78,202106,SE,SEK,31
13400,00,616014015,75034185.01,202312,US,DKK,92
18900,00,539439288,96639361.77,202309,GB,EUR,62
20450,00,308865826,2125230.63,202309,FR,SEK,47
13310,00,767419867,56630474.1,202312,SE,EUR,79
13320,00,548300004,71194871.39,202106,FR,DKK,90
29900,00,788757608,77743229.99,202312,FI,USD,48
23300,00,549699208,34344683.62,202309,SE,DKK,85
74900,00,652239730,11676931.27,202312,DK,NOK,17
13400,00,905560719,38913347.72,202309,SE,NOK,73
24600,00,315661167,51156894.8,202103,GB,DKK,25
29700,00,210669786,45466671.41,202106,FI,NOK,30
20590,00,572637293,14174330.0,202312,SE,NOK,49
20410,00,452239885,34875467.54,202312,DK,USD,88
80051,00,337629197,83981886.65,202103,NO,SEK,19
81500,00,765175607,47250120.65,202103,US,SEK,97
81300,99,232608001,62792035.33,202103,SE,DKK,44
81500,00,420217714,83890857.1,202106,US,DKK,38
20001,00,704560943,58562629.48,202103,DE,GBP,85
18900,00,740780629,14251879.09,202309,SE,SEK,77
22500,00,611074640,76547825.23,202312,DE,GBP,21
23200,00,935278718,65040335.34,202103,FI,NOK,12
23300,00,576843615,82414138.85,202106,US,USD,41
24600,00,581160977,60315827.23,202312,NO,EUR,85
20000,00,666261635,41950816.3,202106,US,USD,36
80900,00,102021105,5123493.35,202309,SE,SEK,77
20004,00,107521540,30512698.43,202106,NO,DKK,11
20200,00,194606377,47412822.23,202312,FI,GBP,16
20550,00,113515041,63749780.79,202312,FR,USD,80
03200,00,559086332,87052546.7,202103,US,GBP,86
22800,00,781032139,73913904.49,202312,FR,DKK,20
23200,00,117382060,56732325.75,202103,FR,GBP,30
29200,00,966792990,99085391.11,202106,NO,GBP,12
20800,00,767359147,80183478.83,202309,FI,NOK,67
13700,00,501150047,21175387.36,202103,US,EUR,28
20002,00,789287425,72665727.76,202312,NO,EUR,86
22500,00,237907924,777304.38,202309,GB,DKK,47
03200,00,275759176,87646407.7,202312,DE,USD,20
81300,00,559436664,34937827.4,202312,US,SEK,97
15650,00,390158862,25826161.64,202106,NO,EUR,65
20200,00,571580696,62265679.96,202312,FR,SEK,34
22200,00,531492480,38575821.48,202106,US,NOK,68
81701,99,816158139,94366384.72,202312,FR,DKK,36
20450,00,212509955,2433764.2,202106,FI,NOK,52
29900,00,916268486,42312890.06,202312,DE,EUR,74
80051,00,292170595,56367318.19,202106,FI,GBP,61
20410,00,940172053,3212168.25,202312,DK,SEK,98
23300,00,967396659,3949900.07,202103,DK,SEK,65
13600,99,561153989,5426274.05,202312,DE,USD,33
13310,00,356772338,15590164.97,202103,DE,DKK,97
18400,00,237846876,88246750.14,202309,DE,NOK,67
23200,00,279942448,34654217.03,202103,GB,NOK,98
20450,00,615276644,97605541.28,202103,US,EUR,57
15650,00,137606786,17094718.5,202312,FR,SEK,74
03100,00,770841308,11584829.89,202103,SE,USD,16
81701,00,175401048,27721050.06,202309,FI,EUR,11
29200,00,613225872,76310456.25,202312,FR,SEK,85
24000,00,466612818,22412348.44,202309,NO,NOK,49
18100,00,675375297,99081907.57,202312,SE,USD,51
18000,00,113984699,7995653.3,202309,DK,GBP,97
29500,00,903406664,60735419.14,202103,FI,SEK,45
18300,00,184801124,3568550.86,202106,GB,SEK,96
13310,00,541826813,69418143.2,202309,NO,EUR,35
18900,00,471146978,86788661.51,202312,SE,EUR,15
20450,99,885009337,12478476.44,202103,GB,SEK,36
18800,00,344276921,78335195.39,202312,GB,NOK,49
20200,00,500343998,38298328.41,202106,FI,USD,28
74900,00,681116229,27812461.31,202106,GB,NOK,22
18000,00,122107216,57806173.94,202106,FR,GBP,53
22200,00,270053760,50611379.79,202309,SE,NOK,43
22900,00,807399481,14458120.59,202103,GB,USD,34
29100,00,982812062,97391610.24,202103,DK,SEK,29
22600,00,598553538,77391328.41,202309,DK,NOK,17
29700,00,222204403,45470679.09,202106,DK,USD,35
13500,99,364674769,14499583.01,202312,SE,USD,92
81701,00,963206806,64514961.44,202103,FI,NOK,46
22100,00,707626191,14411147.12,202103,DK,EUR,12
80052,00,813131804,41349148.52,202103,GB,DKK,87
29490,00,227743137,39439929.08,202103,SE,DKK,55
81300,00,351428155,15754110.7,202106,FI,USD,92
13130,00,548971034,71012878.13,202309,FI,USD,59
20002,00,418738185,49253519.6,202103,GB,NOK,78
03100,00,410335037,36497349.83,202103,DK,USD,20
80052,00,562433140,98966328.3,202312,US,DKK,46
15010,00,623235618,88837700.94,202309,NO,EUR,44
20200,00,111424689,19154729.94,202103,SE,EUR,72
13900,00,954041384,46892798.03,202309,GB,EUR,65
18300,00,652208987,63064759.24,202312,FR,USD,27
13500,00,530916369,68127659.55,202309,FI,GBP,53
13200,00,181223899,78734646.88,202106,DK,DKK,62
80500,00,237945712,16679972.19,202106,FR,EUR,73
74900,00,937980750,62126574.23,202309,FI,DKK,67
13900,00,579944883,34804597.94,202312,NO,DKK,89
20450,99,640844187,79336730.47,202312,GB,NOK,40
20420,00,569871353,48920482.17,202106,US,USD,71
13700,99,573510308,22121885.31,202106,DK,SEK,21
15300,99,640078184,63471650.0,202103,FR,USD,42
15300,00,738519449,3118980.33,202103,FI,EUR,44
24600,00,767047338,25391927.8,202309,GB,GBP,60
03100,00,639810766,36220528.5,202312,FI,DKK,47
23100,00,332715586,46357945.84,202106,FI,SEK,10
29700,00,122283198,1192707.57,202106,FR,USD,13
13200,99,171882570,50391158.28,202103,DK,DKK,71
13120,00,246188279,72494751.53,202309,US,DKK,46
20300,00,944871963,97828984.16,202309,US,USD,82
03100,00,213472333,32415468.35,202312,FI,DKK,92
24000,00,374883603,99748750.43,202309,FI,SEK,49
18800,00,400267691,15982712.7,202309,GB,NOK,27
20200,00,878866489,24340408.18,202106,SE,SEK,11
15000,00,251446313,47419806.02,202106,NO,DKK,15
80900,00,564263009,64550926.32,202309,DE,SEK,84
81500,00,984998603,70547871.57,202103,NO,DKK,21
22500,00,271065373,25477910.68,202312,FR,DKK,24
29490,00,266930403,45266152.49,202312,FR,NOK,92
20003,00,205782679,62747850.08,202312,US,USD,13
22600,00,875087015,96662060.77,202309,US,NOK,63
18800,00,391262789,72134649.84,202103,DK,GBP,80
29000,00,481339555,17491418.4,202312,FI,SEK,20
13700,00,388578197,64884261.82,202103,DK,NOK,55
22100,00,894749353,37954754.02,202106,NO,SEK,61
81500,00,118666540,96734894.71,202312,SE,GBP,41
13310,00,530608287,37435383.71,202312,NO,EUR,54
13800,00,873518101,48256731.04,202106,FI,USD,72
24600,99,849993627,21902790.28,202312,GB,SEK,20
15000,00,539757173,68214985.75,202106,SE,EUR,64
13800,00,323195635,19017190.89,202309,SE,DKK,65
03200,00,634409637,25661177.68,202106,NO,EUR,47
13310,00,383869429,70290047.82,202103,SE,DKK,11
13600,00,521429080,52622716.0,202103,US,USD,77
13310,00,279553006,74633018.82,202103,FI,DKK,66
28000,00,864163558,43292897.66,202103,FR,GBP,38
29100,00,745294070,22287304.81,202312,DK,EUR,68
22600,00,243121833,278945.28,202106,NO,NOK,87
20001,00,357052067,98212085.16,202309,GB,NOK,97
13320,00,315071161,49195298.41,202103,FI,EUR,79
18300,00,378913653,30678165.01,202103,DK,DKK,74
03200,00,668233267,23690487.0,202103,FR,EUR,15
80052,00,353018417,29667254.92,202106,SE,GBP,87
15600,00,331937059,81808733.62,202312,US,GBP,59
13120,00,775132790,2276048.07,202309,US,DKK,85
18000,00,562823416,70685196.66,202312,DE,GBP,89
13130,00,354831711,69616246.39,202106,US,GBP,87
81300,00,770239767,72355640.76,202106,FI,NOK,85
22000,00,845857295,52019110.38,202309,FR,USD,33
15000,00,990496545,93100729.58,202309,FR,USD,47
80300,00,242770777,18874222.22,202103,NO,GBP,47
80052,00,640468273,62243248.35,202103,SE,NOK,10
18300,00,420278988,47580666.28,202106,FR,SEK,71
22900,00,425879716,77316252.71,202106,DE,NOK,10
13130,00,802959887,94097751.42,202309,FI,USD,55
29490,00,620422402,42034501.84,202106,NO,GBP,65
15650,00,831066798,99368065.1,202106,FR,SEK,35
03200,00,364584423,67251341.09,202106,US,NOK,36
18800,00,866327271,60237551.32,202312,DE,NOK,58
20002,00,923318212,69929934.06,202312,SE,GBP,89
20001,00,544063094,38646212.38,202312,FI,SEK,22
13600,99,719470993,75442247.75,202106,DE,EUR,42
13900,00,431765007,10040396.45,202106,NO,EUR,28
22600,00,309368220,68751041.04,202312,FR,SEK,45
13500,00,139667781,53328366.82,202309,FI,GBP,70
18300,00,333871289,31876643.96,202106,DK,USD,91
18000,00,304797100,15336869.43,202312,DK,GBP,19
